用户名,评分,发表时间,短评正文,赞同数量
啊吧瓦轰！,30,2021-06-27, 整部片子都太满了，情绪太外露，台词太直白生硬，配乐太多太煽情。开头的破碎更是致命的。结构上的新尝试挺有意思，让人耳目一新，但拼盘式的故事碎片最终也没能拼合出一条完整、丰满、流畅、连贯的主线，每个故事碎片都像是春晚里面经常插播的那种小短片，画面和台词都像。剪辑上玩了一些新花样，但是未免太多也太滥，反而影响观众对影片的整体把握，这种花样应该出现在B站影视区，不该出现在正片里。,1876
长得丑想得美,30,2021-07-03,实话实说，有点失望。很多“劳动者”的脸上看不到岁月苦难的皴搜的痕迹，太过整洁光鲜。有很多镜头的仪式感很重，但真实感就降低了。整部剧的运镜过于工整，贡献了很多结构唯美的分镜，但时代山河破碎的悲壮感也丧失了。不停的倒叙插叙我不太适应，整体氛围的渲染和感染力都不太够。革命有血有肉，这部电影有些浮于表面了。,1035
韩先生的电影,30,2021-07-03,把李大钊刻画的非常不立体，过于脱离生活。张颂文的表演并不出彩，把三十岁左右的守常先生塑造的老气横秋……白客、李九霄等这些角色，用的好就是点缀，用不好就是累赘……李易峰的微表情太差。,488
烈焰红唇龙,20,2021-06-26,渲染方式还是古早的主旋律如英雄儿女、上甘岭的那一套，伟光正人物配以朝霞满天和红太阳，叙事手法不断倒叙加插叙，甚至重复，导致节奏过于拖沓。张颂文和秦昊的表现没什么问题，但出现在这个有些混乱凌乱的作品中，总是显得很苍白。,1122
大海里的针,50,2021-06-27,差点看哭了，整体基调比较悲壮，除了教员登场的时候是暖色调，其他时候都是压抑的冷色调为主。那段历史是大革命失败后的至暗时刻，越是这种时刻越考验革命者的意志和灵魂。主演张颂文说自己在绞刑那场戏时看着绳子明显感到恐惧，但历史上李大钊吊了三次才断气。这是中国革命的悲情英雄，而悲情英雄往往更能打动人心。,1846
阿牛,40,2021-06-27,跟另外一部相比，以点带面用李大钊带出时代群像，更清晰与具感染力。张颂文演得好，踏实又深情。@环球港,2134
牛仔马洛,30,2021-07-01,虽然对李大钊了解不多，但在银幕前真坐不住，很想赶快回家自学历史，甚至忍不住当场（偷偷）查起资料,334
猫与竹,50,2021-07-01,本片作为“庆祝中国共产党成立100周年”重点献礼影片。有幸在第一时间看了《革命者》影片点映。该篇首度聚焦中国共产主义运动先驱李大钊的故事，全片采用独特的叙事视角，带领我们重回那段热血、动人的历史。讲述了1912至1927年间，作为中国共产主义运动的先驱、伟大的马克思主义者、杰出的无产阶级革命家、中国共产党的主要创始人之一，李大钊的革命历程。片中李大钊先生为了中国人民觉醒为了实现共产主义不停的奔走奋斗，最后至牺牲。看完内心很激动，感恩革命先烈为我们今天美好生活的付出。该片是一部了解党史，激发人们爱国、爱民、爱党的好影片。作为百年献礼影片，强烈推荐大家观看。,1193
КГБ,10,2021-07-01,"真实的他更传奇伟大，实在无需历史虚无化。
生:遗腹子，一岁半母亡。亡:第一个上绞架没有经验，受刑三次，四十分钟始绝。婚:十岁李与16岁赵结婚。
启蒙:早稻田大学政治科，受茅原A山影响接触主义。在日反袁反21条。国共和:加入国档，公告其苏裆园，第三国际身份。请愿，要求北洋政府承认苏，和其驻军外蒙。被捕:京jc突袭苏大使馆，在内抓捕李。以和苏俄通谋，里通外国罪名绞刑，时年37。",47
华盛顿樱桃树,30,2021-06-28,加入了艺术追求的类型片着实新鲜。导演对比前作我觉得有进步，故事节奏和剪辑点的创新其实更具代入感了，还挺聪明的。就是煽情部分此起彼伏密度大了点。,132
雪糕星熊,30,2021-06-27,碎 我期待的激情澎湃并没有澎湃起来 有点可惜,106
momo,20,2021-06-26,点映场。结构简洁清晰，但剪辑很乱。节奏紧张的片段戏剧性过强，反而削弱了情感表达；节奏舒缓的部分台词又太过随意，处理的很不严肃。以及选角和原音都非常不贴脸！比如让一个广东人用原音演河北人，非常出戏91总之，精神可以领会，电影拍的不够。,174
EuJ,30,2021-07-03,导演功力不够，各种转场太过于依赖动画。部分片段插入意义不明，对情节推动毫无作用。三星全给守常先生。,103
呱呱,50,2021-07-01,"诚意满满的作品讲述了李大钊同志的一生
张颂文老师yyds",549
Frau King,50,2021-06-27,【我们有主义，但也要有枪】-  革命者,739
晚安,40,2021-07-01,"我好久没有在电影院看到“八一电影制片厂”这行字了～
非常纯熟大制作的党建科普教育宣传电影，感觉是高中历史课本近代史知识点幻化成了声画影像和故事情节。影片质量很好，的确如管虎导演所说，李大钊活了三十八岁，却是普通人的三百八十年。采用交叉平行非纯线性叙事，字幕辅助来清晰地讲明白李大钊是谁做过什么，已经很不容易了。",1201
一揪棉花糖,30,2021-07-04,太碎了，刚进入一个情景马上就被拉入下一个情景了，有的台词也没感觉激动人心，反而有些尴尬,64
妖精,50,2021-07-01,就张颂文老师这种演技天花板，让我看多少遍我都愿意！《革命者》把李大钊活生生的展现在人前，他再也不是历史课本上那个伟大而光辉的先驱，而且一个有血有肉为了人民牺牲的同胞。正是这一代人的牺牲，才有了我们今天的国泰民安！,1578
豆友224150320,20,2021-07-03,镜头稀碎，让人觉得很乱。有好些地方好像广告啊？太刻意了吧！,99
伤逝,40,2021-06-28,非线性发展穿插讲了李大钊在共产党建立发展的历史事件，当然电影不是纪录片，在形式上，在美学上，这个电影，我更觉得像是导演把李大钊人生的重大历史时刻解构然后再重建了，导演和制片都注入了自己的想法，可能是为了更符合现代人的审美，影片的拍摄手法其实满摩登的，主演张颂文对李大钊的扮演，完成度也蛮高，各种时刻片段最后汇集到高潮，就是李大钊就义的时刻，气氛烘托还是可以的，现场有人看哭了（真的）。李大钊本身就值得五星了，这种为理想而献身的精神，在中国，一直都没有断过，只不过有时候被定义成不同的立场而已，愿我们都不忘初心。,1231
恋影,50,2021-06-27,首映观影，十分精彩和震撼的一部关于李大钊的自传电影。最突出的是张颂文老师对李大钊先生的诠释和演绎，我感觉到了他将自己的个人魅力和革命先辈的优秀精神品质融为一体，在影片中呈现出来，这是最令我感动的，因为张颂文做到了将自己当作是李大钊先生，一言一行，当演员真正融入到角色中，观众能够切身体会到这种力量的。我就被他演绎角色时的信仰、信心、革命精神的激情所鼓舞到，这便是这部电影不同于其他大多数影片的亮点，当他在影片中为百姓而呐喊、奋斗，我能够体会到这就是信仰的力量。影片前大半段都是用一种非线性的“意识流”手法来拍摄，将很多重要的事件和人物都串联起来，但是又不会觉得散和割裂，因为有一条主线还在，从李大钊的多种身份和各个纬度全方位来了解这位革命前辈，影片达到了它让观众产生同感和共情的效果，非常棒的献礼之作,1567
SingLesinger,50,2021-06-27,杨红雨老师的剪辑真的加了很多分。,674
豆豆瓣瓣,50,2021-07-01,"今天是最开心的一天。《革命者》首映的最后一天，有机会来看张颂文老师，激动000000
影片讲述了1927.4.26日，距离李大钊先生被执行绞刑还有38小时，此时，我党各方力量仍在积极组织对他的营救行动。守常先生一生的革命回忆，就此拉开序幕。
《革命者》这部影片太好看了，真的一点也不夸张，场景，台词，演员情绪，演技，一级棒。张颂文老师剧照跟守常先生还挺像98佟丽娅在里面也是非常棒的演技。小演员都很棒，泪点有点多啊。
我印象深刻的台词，是守常先生对大学生和工友们说的:“不希望看到人民流离失所，看到国土四分五裂，也不希望看到一代代的年轻人，老去了，麻木了，沉默了！”
革命先辈们为了中国，真的付出了非常多，无私奉献的精神值得我们学习。
影片非常非常棒，大家一定要去电影院看919191",487
VictorCai,40,2021-07-02,"问：什么是电影语言？
答：来看看《革命者》的叙事、画面和声音。",439
NL.capj,40,2021-06-27,“高尚的生活，常在壮烈的牺牲中。”法兰西共和国、苏维埃和新中国，无不有流血的英雄，李大钊是黑暗中的引路人，更是光明的见证者；意识流叙事更有人性，张颂文真正走进了角色。,295
水晶,40,2021-07-01,是一部正能量的电影，很燃很热血，张颂文演的非常棒，他赋予了李大钊善良正直谦和的一面，为了救国救民，不惜牺牲自己生命。,194
鲜肉兄,50,2021-06-27,开场不到20分钟就看哭了。意识流的拍摄方式，让时间流动了起来。看过本片我才知道，守常先生不仅会著书写字、传道受业，还会弹琴、击鼓，和农民下地干活，加上张颂文自然且放松的演技，让这位历史书上的人物丰满鲜活了很多。百年前的他们为国家抛头颅洒热血，成了世人的骄傲；活在这盛世的我们更要不辱使命，做出一番事业，让百年后的年轻人同样为我们骄傲。,542
袜子大王,40,2021-07-03,热血，但太碎片,139
放电蓝眼睛,40,2021-06-27,大胆启用年轻演员 运用了倒叙和穿插的手法 韩庚饰演了一个意想不到的人物 张颂文老师一如既往地好 整容式演技 提前观影后 分享的故事也给我很大震撼，比如李大钊在北大一个月一百八十大洋左右，家里却吃不饱饭，因为他大部分都拿出来支持革命事业和救助穷困学生。张老师坦言无法达到李先生的高度，但会一直被鼓舞。,330
巴伐利酒神,40,2021-07-01,仅从电影角度来看，还是超出了预期。尤其张颂文的表演，几乎以一己之力撑起了这部片，诠释了一个书本之外的李大钊形象：如果这还不是一个百分百的理想主义者，那还有谁是？双线叙事手法，一条线性的“行刑线”，一条非线性的“回忆线”，将李大钊和孙中山、毛泽东、蒋介石、陈独秀和张学良等人物通过一些琐事纠葛在一起，慢慢勾勒出从1916年――1927年的十年岁月中，他是如何从一个辞职的报社编辑转化为一个马克思主义者，并最终慷慨就义的。另外，影片有不少历史细节还原的不错，比如那台从意大利进口的绞刑架，和现今陈列在中国国家博物馆展览大厅里的原型一模一样，结尾蒸汽机车的彩蛋也非常有意思。,40
九把刀下魂,40,2021-07-01,通过行刑前回忆守常先生人生重要时点，见证了一位早期共产党人是如何将信仰真正发扬光大的光辉历程。虽然在至暗时刻结束，但是埋下的星辉火种已然跃跃欲试，即将照亮出一个崭新的中国。,273
花园小嗝嗝,50,2021-07-01,我从黑暗中反叛而来，却不属于未来的光明之地。为了让所有的后代能够面向光明、拥抱光明，我甘愿站在黑暗和光明的交接处，直面黑暗，甚至被黑暗吞噬。,232
吐个槽,50,2021-07-05,"很好看！值得推荐，打光场景堪比好莱坞大片。
剧情围绕大钊先生以八个人物为代表展开的故事，每个人物都很鲜活，赋予了人格魅力。让我印象最深的是青年教员扮演者李易峰，不仅形似，还神似。他出来仿佛就看到了新中国的希望！",28
希宇宝宝的小哨,50,2021-07-03,周末总是被占的打工人终于抽空看上电影了，真好看，全程泪目。比起群像型的爱国电影，还是这种更入心一些，希望将来能看到更多革命者的传记。张颂文老师，李易峰，韩庚，都太棒了，全员演技在线。就是秦昊的形象实在不太正派，可能我张东升看多了,149
Megan,30,2021-07-01,全员演技在线，张颂文台词太强了。明知有些场面是故意煽情，但眼泪还是流了下来。,79
seamouse,40,2021-07-08,当张颂文和李易峰爬上北京城楼时，一只蚊子飞到了大银幕投影上，久久不愿离去。它也相信。,23
风,50,2021-07-02,"那是一个怎么样的时代呢，心怀革命理想的人们固然可以在和家人、朋友、自己的心灵的相伴中获得许多美好和温暖，却无法忘却和置身于国家的深重忧患之外，要更多地挑起肩上的重任，为着那理想而燃烧和牺牲着自己。 

人是在自己的内心的某个被触动或是刺激的那一刻成长的。 

真正地走近和了解那个时代的时候，其实是可以触摸到非常丰富的内容和历史的。

李大钊先生是高大的，也是可亲和可爱的。如果他没有牺牲在革命的路途上，该是多么好的事。",147
suojiang,50,2021-07-01,影片结构真的很好，多视角，多线性。真的是一部高质量的献礼片！让大家看到了李大钊是一个人。李大钊、毛主席等各个人物的造型很成功：既像伟人，又能让大家看出是哪个演员。,174
momo,40,2021-07-03,守常先生短暂而又伟大的一生！01,52
今天吃铁板,50,2021-07-01,试看未来的环球，必将是赤旗的世界9899,171
sylvia,50,2021-07-01,"人是一种很神奇的生物，处于不同时代的我们可以通过电影这个媒介进行共情，虽时代不同，但我却能深切感受到中国革命者的艰辛与磨难
《革命者》，讲述了以李大钊同志为代表的中国革命者们创建新中国的努力，影片中守常先生，对中国贫弱的局面提出了自己的想法，并动员社会各个阶层，致力于中国革命
守常先生，您曾说过：“试看将来的环球，必是赤旗的世界。”先生，我们替您看到了中国光明的未来，中国的现在，已经被光明所普照。大钊先生，您的精神与山河同寿，与日月同辉，永远被我们所铭记
您成功了，这千千万万人今天所处的世界，就是您所愿望的那个新世界。这盛世，如您所愿7815",193
山和麦,40,2021-06-30,"看了点映
张颂文老师好温柔
一开头觉得剪辑节奏有点乱
但后面习惯了觉得也还好
革命真的好艰难
要调动那么多人
总有人会流血
“如果我的死能唤醒他们
那就是有意义的”
",160
郝静梧,20,2021-07-04,时间线已经不能用混乱来形容了简直是破碎  导演自己理清了吗  以至于刚刚有点感触进入情景 立马又换了一段时间叙事 情感也立马跳脱出来 看得好累 这就是导演想要的吗 是不是非得拉拉片才能真正懂为什么要这么剪啊,89
稀有电影,40,2021-07-02,"如果在黑暗时代里有一种声音足以振聋发聩，那我想一定是来自革命者悲鸣。
人民英雄的伟大，不仅在于他能消灭多少敌人，更在于他的行为能够让多少人觉醒。
那些用生命铸就的符号，永远会鲜活的跃动于这片大地，这片他们曾经最热爱的地方。张颂文正是将这份灵魂传递，生动演绎了这份千古绝唱，利用极具新意的叙事手法，重现了这段历史映象，让守常先生的音容再现，生动鲜明，可歌可泣。",23
和寂寞一起悬空,40,2021-08-28,"背黑暗而向光明，为世界遵文明，为人类造幸福。以青春之我，创建青春之国家，青春之民族。
                                                  ――李大钊",5
影随茵动,40,2021-06-27,张颂文说最初接到角色的时候没法对人物有信念感，因为无法相信世上有这样的人。后来读了大量资料后无比坚信，并且充满崇敬，以能饰演这样的角色而无上荣光。张颂文是个优秀的演员，而李大钊是个伟大的人。一部主旋律的电影，最终选择了文艺片的方式，完成了一场个人传记式的礼赞，为集体记忆重新注入一些初心，有极其打动人的一面。,12
136****7640,10,2021-08-16,一分给这个题材和伟大的革命者。,14
阿阿阿阿阿幽,40,2021-07-07,全片最打动我的点：“他们有枪”。演得很棒，而且终于意识到枪杆子里出政权91,44
非人类shang,40,2021-07-05,红色主旋律要是这样拍，总还有些新意可以看看的，剪辑和闪回这样串起一生中重要的节点与事件，表演也在线，整体值得支持和鼓励。,16
晚不安,20,2021-07-02,出乎意料地，观感比《1921》要好上一点，大抵是因为人物相对聚焦，但焦点很快又在剪辑的离心运动下被不断甩远――站在人生终点回溯过往并无不妥，只是编导空有自信而无能力掌控非线性结构，对交叉剪辑和闪回叙事几乎到了滥用的程度，最终致使时间线混乱，推动情绪高潮全靠宣传片式复读“我相信”。打上柔光，排开阵列，整齐划一高喊口号，阴险狡诈的对面是满面红光。整体看来是大型幻灯片主题演讲，重新退回主旋律造神运动的老路。,21
走钢索的墨西,30,2021-06-27,电影幸亏有了管虎的监制，否则徐展雄的这部电影会步《荞麦疯长》的后尘。但电影的闪回旁白太多，剪辑也不够流畅，两个小时的时长中途会让人有昏昏欲睡的感觉,50
偏见小姐,50,2021-07-01,这是一首属于李大钊、属于共产党人的浪漫赞歌,193
王二,20,2021-07-03,"节奏特别差台词也不好国际歌不错",52
愚钝的我,50,2021-07-01,“铁肩担道义，妙手著文章。”愿如守常先生般实践其所信，励行其所知。,141
ZOE1412,50,2021-06-28,李大钊是我没有了解的革命人物，以这样一个描述党的先驱者的角度来献党，是一个新颖又开拓民智的方向，看到过程中会怀疑真有这样的人啊，同时又觉得内心澎湃，改变需要这种看得远并且愿意为之付出的人,392
Harry,40,2021-07-03,虽然李大钊的大胡子扮相很喜感，但张颂文老师的表演感染力很强！太喜欢了！,13
风中有雨做的云,50,2021-07-01,我们生在红旗下，长在春风里。人民有信仰，国家有力量，民族有希望。目光所至皆为华夏，五星闪耀皆为信仰！愿以吾辈之青春，捍卫盛世之中华！！！,137
600_1614,50,2021-07-01,为后人谋幸福。 我相信！ 那么得真实，那么得感人。没有他们的努力，我们哪有现在美好的生活。  现代人应该多看主旋律电影。,318
梦想,50,2021-07-01,今天看哭了，这才应该是100周年该看的好电影，主演的演技都在线，让我印象最深的是李大钊和教员在城楼的那一段，是传承，是鼓舞太棒了,133
楚田水月,50,2021-07-03,"一听到国际歌的旋律就止不住流泪
在影院边看边哭边想，不好好学习，不珍惜现在所拥有的，怎么对得起牺牲的革命烈士",104
苏打气泡水,30,2021-07-04,电影本身出来的效果是好的，但剪辑过于凌乱，每个故事串起来的衔接很尴尬，背景音乐不停切换也很出戏。另外，能感受到张颂文很用力的表演，确实演的不错，很多煽情片段，但声线和李大钊也是真的不太搭。不过我也想不出谁能演好李先生了。最后说一下韩庚演的真不错。,33
cc,10,2021-08-23,很难理解 百年庆 就这？ 劣迹演员演教员 丝毫没有痕迹的面孔 拙劣的演技 真的很让人觉得在吃93 迅速补了我们的法兰西岁月洗眼睛,7
lixunhuan,30,2021-08-03,让韩庚演凯绅，结尾浓烈的广告感这种槽就不多吐了，评论献礼片的艺术价值并无意义，对我来说观看的目的和看《觉醒年代》一样，都是为了补这段历史的课。这段算是《觉醒》后中国革命的至暗时刻了，遗憾的是连叙事的基本要求都没能达到，看完全片都没搞清楚守常先生被判绞刑的具体原因，还得回来百度知乎。电影里面提到张作霖，蒋介石和李大钊之间的关系和纠葛，但是就是没有结合时局具体的说清楚这里面的利害关系。另外不知道是不是为了一定要把和教员的戏份放在压轴，时间线极其的紊乱，缺乏相关历史知识的相信会看得一头雾水。,8
genial TT,40,2021-07-02,试看将来的环球，必将是赤旗的世界！,75
y010373爻,50,2021-07-01,全片以李大钊处刑倒计时为主线 穿插着李大钊生平与业绩 叙事新颖吸睛 繁而不乱 镜头转换充满美学 革命先锋 救国心切 心中有光 不惧死亡 感情全程紧绷 感动从头至尾 张颂文演技过硬 韩庚演技也是一大亮点【北一路万达影城,10
xk,20,2021-07-25,故事讲得破碎且呆板,3
Lily蒋,40,2021-07-04,看完后，只觉得革命者，这三个字，重如千钧。,19
ynamoyerer,30,2021-08-10,首先感到张颂文的广东口音很出戏，而且他也不是特别适合这个角色。英文pioneer已经把革命意义消解或替换了。另外很不喜欢片里的照明，跟《金刚川》一样的。这电影的灯光跟《悬崖之上》很像，都不真实，很多场景不可能是灯火通明的。视觉愉悦不能以牺牲历史真实为代价，何况也不愉悦。,5
#,40,2021-07-06,李大钊值得,13
-whitecamellia,20,2021-09-09,很精致的ppt电影,4
莺莺,40,2021-07-01,从挖墓碑，李大钊距离绞刑还有38小时开始，回忆守常先生一生的革命路，原来他不仅能说会道，著书出报，还会弹钢琴击鼓，很有个人魅力，张颂文演的也很好，最后绞刑场面让人动容,223
安若Sophia,50,2021-07-01,我好喜欢这个叙事结构啊，果然浪漫主义的表达方式都如出一辙。张颂文老师在片中贡献了极为出色的表演，希望老师越来越好！,278
tangerine,40,2021-07-07,故事起于李大钊狱中景像，终于他在绞刑架上的受难行刑，电影截取了一段时光里的一些人，来还原他的人生轨迹。他不是天生的英雄，只是恰巧站在思想前列的知识分子，但历史给了他过早的结局，让他在坚守的信仰中从容赴死。影片在道具、史实方面相当考究，用侧面描写展现了一段波澜壮阔的历史，实乃一曲建党伟业的前奏。希望未来能如守常先生所说，试看将来的环球，必是赤旗的世界！,5
红鸠,20,2021-08-26,没看到演技有多好，相反整体剧情都让我感觉很尬,6
了,40,2021-08-08,现实比电影艰难一万倍，节奏、结构有点问题,8
95,40,2021-07-02,很震撼，美好的生活来之不易，祝国家繁荣昌盛,78
裁狂简,50,2021-07-02,"开篇极其有力量，堪称今年最棒的开头。
李大钊为原点的剧情漫溢开来，就是20年代的恢宏画卷。相较于群像式的多视点，这部《革》确实特别取巧，拿各色人物与守常的故事穿针引线，奉系，广东国民政府，陈独秀，髦，一层层铺垫一层层向上昂扬至开国大典的天安门。但这不正该是传记片的合理拍法吗？",91
千颂伊,40,2021-07-06,“我的生命忠于党，我的信仰光芒万丈”,18
cc_psycho,50,2021-07-01,627at万达点映 张颂文老师的演译真的很动人，感受到主创们用心，用精妙的剪辑将李大钊先生的的为革命无私献身的形象展现出来。是很独特的一部人物传记片。看的人深受感动。另韩庚的演技也不错让人刮目相看,129
闪闪珠珠,50,2021-07-04,“我从黑暗中反叛而来，却不属于未来的光明之地。为了让所有的后代能够面向光明、拥抱光明，我甘愿站在黑暗和光明的交接处，直面黑暗，甚至被黑暗吞噬。”看完泪流满面，对这位共产党人、这个男子汉肃然起敬。 ,69
-wnqqwwb,40,2021-07-06,看了两次，一次和朋友，一次和全班同学。永远不要忘记，我们永远不要忘记。,16
一个人9899,50,2021-07-06,"“试看将来的环球，必是赤旗的世界。”
大钊先生，你梦想的那个世界，我们替你们看过了，真的很棒！
电影很好看，从头哭到尾，里面每个人都演的好好呀！毛爷爷一出来，我就觉得世界都光明了，镜头运用的真的好好！绝绝子！",28
粥与文,40,2021-07-05,“如果我死了 能够唤醒那些麻木的人，能够让活着的同志们更加奋勇地前进，我可以去死”,5
一苗,50,2021-07-01,"不仅仅是一部传记片，更是一部革命浪漫主义的史诗！壮烈的牺牲才有了希望的诞生，不仅仅是一个人更是一群人！请不要叫我，请叫我们！
七一快乐，献给我亲爱的党和祖国！",248
啊哈,50,2021-07-04,是去看的点映！整个电影的节奏非常好，时间上以李大钊行刑前最后三十八小时为线索，穿插八个不同的人物跟李大钊之间的交集，还有非常多的群像。画面很震撼，革命先辈们很伟大，从电影一开始就在哭了。张颂文老师演技绝了！李易峰也不错！他们在景山俯瞰北京的时候说的那些话太感动了，“试看三十年后，必是赤旗的天下”！,30
小A,40,2021-06-27,电影重现了李大钊为理想奋斗终生的纯粹人格，“吾愿吾亲爱之青年，生于青春死于青春，生于少年死于少年也”，影片引用大量李大钊的文章在今天阅读仍有其意义，真诚而动人。故事对李大钊生平做了取舍，只保留李大钊生命中最关键的一些片段，回答李大钊是谁，是什么影响他的命运、让他做出选择的问题。非线性叙事让故事线在时空中前后穿插，分别解释他为什么认为布尔什维克是解救中国的良方，如何与陈独秀并肩战斗，影响毛泽东走上革命道路，又为何让张作霖和蒋介石心生芥蒂，这些都是李大钊人生的终极命题。电影在美学上有一定追求，为受害报童讨公道的场景很有仪式感，煤矿工人的头灯、张作霖用天平衡量请愿书和蒋介石手谕等场景很有电影感。,209
若ε78з水,40,2021-09-13,我们现在的幸福生活，平等民主，是先辈用鲜血换来的。革命就有流血牺牲。唯有继续把共产主义更深入。愿一切众生离苦得乐，究竟涅。,2
一死,20,2021-08-09,李老扮演的毛老很有喜⌒Ч а是抱著黑板蟮意拍的影 到是PR 巧妙的I造了一N不好好看被P站的浩雀,4
我的猫猫我来宠,50,2021-07-03,"“为了你们能走向光明，拥抱光明，我愿意去直面黑暗。”
“相信将来的全球，必是赤旗的世界。”
每一句的台词都那么振奋人心，每一段热血沸腾的镜头都敲打着我们的心，真的从头哭到尾。守常先生，属于赤旗的世界，我们替您看见了!",52
Y,40,2021-07-06,"首先表达一下对老一辈革命者的敬佩，为了理想和心中坚定的事儿毫不动摇，我身上是完全没有不管什么代价都要做成一件事儿的决心。
看电影的过程中，我一直困惑的是，国民党在监狱里到底要逼问李大钊什么……创立北部共产党？他们不是知道吗？还是要问什么……",8
Johnny,20,2021-08-10,说教意味太强，煽情的音乐快要铺满屏幕了。打破线性叙事理应是为了片子更有意思不沉闷，结果剪的支离破碎的。张颂文在风中有朵雨做的云里演的那么好，在这部里真的有点拉。,5
国王KING,40,2021-08-16,「以青春之我，创建青春之家庭，青春之国家，青春之民族，青春之人类，青春之地球，青春之宇宙，资以乐其无涯之生。」守常先生是当之无愧的革命者。另外这部电影的剪辑太过稀碎了……,0
窈七,20,2021-07-31,台词与情绪直给，不加任何口语化的口号式文本。空对空的革命情怀，全靠一条话剧腔修饰过的喉舌喊出。生硬的氛围营造、刻意的人物特写、上头的鸡血式演技呈现了一出当代样板戏，正义之士都是满面红光，达官显贵都是猥琐狡诈，个个都是从课本里走出、带着刻板认知的伟人标签。借李大钊行刑前的倒计时完成非线性穿插叙事，历史发展的时间线被完全打乱，加之导演缺乏对文本与叙事的把控力，导致李大钊一生乃至国民革命历程被解读得支零破碎。此外导演偏爱将直白的暴力与血腥认知为现实主义，煞有介事地反复强调所谓血腥感的真实，却在被神化的叙事中成了只为惊吓观众而存在的道具。相比于视万物如螳臂当车的革命口号，如今观众更想看到一群在危如累卵的境遇中匍匐前行的凡人，而非一群在风雨飘摇的时代做着不切实际夸张之举的圣人。,2
amao千岁忧,50,2021-07-07,"李大钊一开口说话，眼泪就下来了。
“骡子一天三角钱，工人一天两角钱”
看到后来更是泪如雨下，哭到眼睛疼，看完萌生了强烈的入党想法。",14
星星不闪包退换,50,2021-07-02,"昨天看完心情有些沉重，电影好多片段都戳中我泪点，结尾的时候真的有点控制不住情绪，全场散尽我还在座位平复心情。
影片里有个片段印象很是深刻，守常先生以及其他共产党人行刑之前要梳洗干净体面的离开，他对剃头匠说“虽说我没付钱，手艺却不能马虎啊”，大家相继调侃顿时笑声一片。我差点哭出来，当时在想到底是怎样坚定的信仰能让一群将死之人如此坦然的面对，大概就是守常先生说的“高尚的生活必然有壮烈的牺牲”吧，生死看淡 信仰至上 无畏牺牲。那句“一会儿见”我直接破防啊！
润之给我的感觉就是有朝气，有想法，有股冲劲儿，我想当时的他就该是那样的意气风发，那样的勇于探索，对中国未来充满信心。
守常先生对庆子说让他好好活着，看看胜利那天的样子，我在心里默默的回他“先生，这盛世如您所愿”
试看今日之中国，已是赤旗的世界！",80
huyouyou,40,2021-09-01,这部电影没有运用常规的顺序或倒序的模式，而是穿插跳跃，且每个跳跃的衔接点都是精心设计的，比如同一个动作（洗头往头上倒水），同一首旋律等等，是一部惊喜之作。#20210901,1
小八路,50,2021-07-05,哭成了狗。。。我们站在今天往回看，会觉得这些伟人伟大，但是你在他们的处境来看，革命能不能成功，未来是如何发展，他们是完全不知道的，但是依然能够选择为革命事业慷慨赴死。。他们的伟大，比我们想象的更伟大！,38
西山一号小透明,50,2021-07-06,"是这类电影里面难得的好片子。叙事方式挺有意思的，内容也很好。
看完也是真的感慨，那个时代的厉害人物真是层出不穷。能坚持理想并奋斗大概也是人生最不容易的事情之一了吧",23
Crazy Ivan,40,2021-07-01,中影百盛  怎么办？要相信！,0
溜肩胡萝北,50,2021-07-06,美好生活来之不易，感恩先辈奋斗,18
-whitecamellia,20,2021-09-09,很精致的ppt电影,4
理易封,30,2021-08-16,插叙结构做的不错，严刑拷打期间对革命关键节点回顾，拍的也挺有感觉，就是喊口号让革命变得特别虚，真是《至暗时刻》类的演讲式电影,1
阿朽,30,2021-08-08,观感比1921好，不是电影技巧方面，而是演员像那么回事了。但也限于视频网站上看看了，电视剧感太严重。李大钊的事迹千古不朽。,1
少年待龙出世,50,2021-07-01,其实有好多前辈都是无名之辈！“我相信，未来地球将是赤旗的天下。”,6
Y,40,2021-07-06,"首先表达一下对老一辈革命者的敬佩，为了理想和心中坚定的事儿毫不动摇，我身上是完全没有不管什么代价都要做成一件事儿的决心。
看电影的过程中，我一直困惑的是，国民党在监狱里到底要逼问李大钊什么……创立北部共产党？他们不是知道吗？还是要问什么……",8
红鸠,20,2021-08-26,没看到演技有多好，相反整体剧情都让我感觉很尬,6
国王KING,40,2021-08-16,「以青春之我，创建青春之家庭，青春之国家，青春之民族，青春之人类，青春之地球，青春之宇宙，资以乐其无涯之生。」守常先生是当之无愧的革命者。另外这部电影的剪辑太过稀碎了……,0
huyouyou,40,2021-09-01,这部电影没有运用常规的顺序或倒序的模式，而是穿插跳跃，且每个跳跃的衔接点都是精心设计的，比如同一个动作（洗头往头上倒水），同一首旋律等等，是一部惊喜之作。#20210901,1
清凉,50,2021-07-02,唐山人的骄傲！李大钊,4
捷鸣君_jmj,50,2021-07-04,张颂文老师饰演的这一版本的李大钊，依然是“铁肩妙手”，同时也多了作为一个人的柔情。这部片子不是一般的线性叙事，以大钊先生的生命倒计时为基础，以相关人物为线索，像一个个章节回忆他一生的不同节点。视听语言很赞，以交叉、平行蒙太奇为主，从灯光到美术，随处可见的革命浪漫主义风格。每到一个个生命牺牲的情节，我总会热泪盈眶。每一遍不同风格的《国际歌》，依然会振奋人心。,10
阿子儿,30,2021-07-06,希望“这是最后的斗争”。,2
Crazy Ivan,40,2021-07-01,中影百盛  怎么办？要相信！,0
一死,20,2021-08-09,李老扮演的毛老很有喜⌒Ч а是抱著黑板蟮意拍的影 到是PR 巧妙的I造了一N不好好看被P站的浩雀,4
大禹在治水,50,2021-07-01,四星好电影，为伟大的中国共产党创办者、无私奉献人民的李大钊先生加一星82革命者永生！,5
黑色大丽花,30,2021-09-17,《革命者》终于看完了。一些原创角色的加入不太必要。只有摄影比《1921》要好，有些镜头有油画质感，其他的比较一般。只有李大钊饰演者张颂文可以，因为他是有成长的。表演体系里面，一定要看这个角色有没有成长。当然这段历史我们都背得出，李大钊逐渐清醒了，知道不能依靠国民党。其他演员就比较千人一面了，都像是横店找的群众演员。尤其是一直令人诟病的选角，且不说李易峰版毛润之，再论韩庚一个舞蹈演员，演蒋中正，只有性别这一点符合角色吧？片子剪辑，剪得比较碎，倒叙、插叙，还稍微用了点“视点人物”拍摄法。也就是《金刚川》《敦刻尔克》那样的，从好几个人物视角反复演一场戏。,1
Johnny,20,2021-08-10,说教意味太强，煽情的音乐快要铺满屏幕了。打破线性叙事理应是为了片子更有意思不沉闷，结果剪的支离破碎的。张颂文在风中有朵雨做的云里演的那么好，在这部里真的有点拉。,5
cc,10,2021-08-23,很难理解 百年庆 就这？ 劣迹演员演教员 丝毫没有痕迹的面孔 拙劣的演技 真的很让人觉得在吃93 迅速补了我们的法兰西岁月洗眼睛,7
窈七,20,2021-07-31,台词与情绪直给，不加任何口语化的口号式文本。空对空的革命情怀，全靠一条话剧腔修饰过的喉舌喊出。生硬的氛围营造、刻意的人物特写、上头的鸡血式演技呈现了一出当代样板戏，正义之士都是满面红光，达官显贵都是猥琐狡诈，个个都是从课本里走出、带着刻板认知的伟人标签。借李大钊行刑前的倒计时完成非线性穿插叙事，历史发展的时间线被完全打乱，加之导演缺乏对文本与叙事的把控力，导致李大钊一生乃至国民革命历程被解读得支零破碎。此外导演偏爱将直白的暴力与血腥认知为现实主义，煞有介事地反复强调所谓血腥感的真实，却在被神化的叙事中成了只为惊吓观众而存在的道具。相比于视万物如螳臂当车的革命口号，如今观众更想看到一群在危如累卵的境遇中匍匐前行的凡人，而非一群在风雨飘摇的时代做着不切实际夸张之举的圣人。,2
战略库洛米,50,2021-07-01,用倒叙的手法，巧妙地从李大钊的死这一切入点展开剧情，很少看到制作这么精良又正能量的电影！岁月能改变山河，但历史将不断证明，有一种精神永远不会失落。它将超越时空，成为人类永恒的追求。也许时间会冲淡记忆，但人们绝不会忘记，曾经有这样一位共产党员，他的信念和人格，使全国人民的心灵为之震撼。中国共产主义运动的先驱李大钊先生，他把自己的全部生命奉献给了祖国，奉献给了人民，是真正的“为人类而活”。,3
流逸,50,2021-06-29,提前看了，虽然是主旋律，但依然讲好了故事，剪辑也很棒，拍摄采用了很多意识流手法，精彩程度不亚于觉醒年代！尤其是张颂文老师，依然演技在线，还有很多临场发挥成为点睛之笔！强推！,63
未来可期Yau,50,2021-07-01,我要吹爆这部电影！从头哭到尾，从觉醒年代认识并了解李大钊先生，在革命者真正感受李大钊先生，爱上了这位有魅力的革命先驱。,97
BECAN__WXN,40,2021-07-06,人物传记片拍得可以，就是主线有些分散,10
战术美乐蒂78,50,2021-07-01,啊~！李先生！实不相瞒，看得我热泪盈眶！我国出现了许多坚贞不屈、对理想非常忠诚的人。他们有的甚至为了祖国的未来牺牲了自己的生命。这其中我最钦佩的就是李先生了，我觉得他这一生可谓是壮烈而轰动的。看了这部电影之后更是这样觉得，看到电影里的他在被捕后受到了折磨，但他始终严守理想与秘密，坚贞不屈。这是多么的大义凛然啊！,7
可风,30,2021-07-08,任何时代都需要这样的人士，自己成为不了，就保持基本的尊敬。20210707@北京坊博纳3号厅6排6-7,4
角落里的人,30,2021-08-16,讲的稀碎,1
私房歌,30,2021-08-23,李大钊就义。,1
白白八佰瓣,40,2021-06-30,有幸提前点映观看了建党百年献礼双雄的本片，全片呈倒插相间＂管＂状叙事，螺旋上升直至高潮，较全景地回顾了李大钊短暂传奇且伟大的一生，生动展示了革命先烈建党先驱为国为民舍身取义的英雄气概与精神理念，加半颗星给张颂文的表演，但主演光环过于耀眼，以至能配对手戏的寥寥，另外如能适度留白或许更能凸显红的可贵，话说有Z青年Z在何方- -b,3
猫苦艾。,40,2021-07-02,张颂文真是个好演员！可惜用电影语言讲一个话剧故事，缺少了人物“人”的一面，而是碎片的，倒叙的，插叙的，像造神一样的宣讲――尽管这个人物确有如此伟大的一面，但作为一个叙述者这样不好。不过感谢电影，被李大钊的精神和张颂文的表演打动了。（旁边小孩子说电影太跳了，看不懂,3
monica喵,50,2021-07-22,这天下必将是赤旗的天下,3
总督炒饭,50,2021-07-08,国际歌一响，我和爱人就拼命掉眼泪，带着强烈情感的五分,15
JerryStone,50,2021-07-03,看到了暗夜寒冬里的微光,43
邮差总按两次铃,20,2021-08-10,比同期《1921》还说教，说出来的道理本来就没人听，何况还是在电影里，电影的表达更是表现出来的不是说出来的，说到底打着电影的幌子就是拍了个宣传片。可宣传片雄子你这也没整明白啊，按理说人家都是一层层推进观众的情感，慢慢积累起来的情绪在情节的高潮处达到高点并爆发，情绪和故事的节奏是并行也汇聚于一点的。你这来回插叙一次次地把观众积攒的情绪消解掉，西西弗斯式地就把观众带到结尾李大钊绞刑了，也就只能是“带到”而不是“代入到”了。唉非线性这手法雄子你真把握不住，全片看下来还不如《荞麦疯长》里成熟。（多面镜子致敬奥森威尔逊的《上海小姐》，在《暗花》里也见过）,4
yo,30,2021-07-06,张颂文演的挺感人。,8
不留痕迹,30,2021-08-25,很奇怪的一部电影，有很浪漫主义的东西，但为了政治宣传该翻的ppt还是要翻，最后就嫁接的特别尴尬。革命当然是浪漫的，若为自由可舍生命，世俗的人做不出来这种事情，但这群人感觉也不行，只适合演演话剧喊喊口号，到头来最难忘的只剩下秦昊的发际线,0
随遇而安,40,2021-07-06,真的有血有肉,12
小妖哪里跑,50,2021-07-03,全世界无产者联合起来，将来的世界，必将是赤旗的世界。,5
瑾羲Qing,50,2021-10-09,“我坚信那一天的到来，虽然我李大钊可能看不到，因为我只不过是个中间人。我从黑暗中反叛而来，却不属于未来的光明之地，我的脚踏在黑暗和光明的交锋处上，或许有一天黑暗会把我吞噬，可是为了你们，为了你们能走向光明拥抱光明，我，我愿意去直面黑暗。”革命者，The Pioneer，先驱，拓荒者。那些在黑暗中摸索前行的人们。电影采用了大量的蒙太奇的手法，非线性叙述，效果挺好，避免了沦为流水账PPT。不刻意描绘希望，不回避黑暗，面对流血牺牲也会迷惘悲伤，这份真实感让这部电影落地生根。,0
小石匠,50,2021-07-03,其实可以叫《李大钊传》了，聚焦人物命运，故事还是流畅的。视听语言有创意，非线性剪辑很动脑子，配乐稍微满。但整体很流畅。故事线很聚焦，被俩朋友背叛，与好兄弟分离，与学生们在一起，与共同理想的人赴死。,5
Sherlawyy61030961,40,2021-07-04,倒计时的穿插叙事在守常先生的故事里有了不一样的作用：他将死去，但他也热烈的活过；他的理想，正在进行。,21
公子,30,2021-08-10,煽情太过了,1
吃个大香瓜,50,2021-07-02,经同事安利，昨天看了这部电影， 确实不错，剧本、演技、场景、摄影、剪辑各方面都很精致，能够看出导演的匠心，故事内核沉重又饱有希望，可以算上很成功的历史题材影片 有空二刷,44
七夕夜_半步,40,2021-08-15,“我相信！”颂文老师yyds,0
Edison Tam,40,2021-08-18,必须向守常先生、仲甫先生、润之先生等为中华崛起事业奋斗的革命先辈致敬,1
王星眸,40,2021-08-24,电影陪父母一起看的，他们的理解力和注意力都大不如从前，电影开始每个人物故事的穿插，我看起来都有些混乱，别说老年人了。但是故事整体拍得非常棒，每一场都实实在在的让我也跟着激动起来，满胸腔里的爱国热情在激荡中越来越响亮。,1
Raphael C,50,2021-10-16,张颂文老师真的太棒了，把李大钊先生演活了！,1
福尔蘑菇,40,2021-08-10,这种题材很想给满分，但整体结构还是觉得很松散所以减一99 不过即使是这样，还是希望多拍这种题材的电影，让我们以及我们的后代知道现在的中华是多么的来之不易！这种视觉上的冲击以及由视觉带来的记忆，比课本更容易理解和深入人心。。。,1
福牛家的妞,40,2021-07-02,可能骨子里天生就是叛逆，未看前，室友万般友情提醒：带好纸巾，会哭惨你！我也想着好嘞哭一哭对身体好，结果，没有哭惨，不过关键点&amp;高潮点还是掉了眼泪的。对于这种题材的影片我从来不抵触，除了剧。长在幸福时代的我们是没有亲历这段记忆的，我们的记忆只来自大众传媒，来自爷爷奶奶辈，试想未来的孩子们呢，这个时代于他们而言可能更像传说。然则，这个时代的伟大先驱们不该被遗忘，虽说每个时代都有每个时代的使命，但是历史之所以成为历史因为她的基础使命。特别喜欢这张海报上的一句Slogan〔感谢你们的相信，让今天的中国的自信〕那个年代的人生逢乱世，生于苦难中，反而有着最坚定的信仰，信仰小了说于人，大了说于国家，信的念力无坚不摧。信则可见。李大钊说他于黑暗中反叛而来，在黑暗与光明交接的刀锋处砥砺前行…〔未完不待续……〕,2
奥特曼和小怪兽,20,2021-08-30,如此真实的人物被拍成这么虚假的，悬浮在空中落不下来。导演水平也太一般了，满屏圣光，痴迷于中近景，不敢用特写和远景，这就是个网剧水准。,11
忘桥,40,2021-07-06,管虎的存在让人担心，没有想象中那么好，不过国际歌唱起的几次就足以让我泪目。共产主义万岁0299希望李大钊先生和陈独秀先生的历史地位能得到重视。,10
叩歌,40,2021-08-22,1、拍出了革命浪漫主义的情怀，难得看到一部主旋律电影中有讲究的打光、调度，镜头感、电影质感非常不错；2、能感受到主创对李大钊这个人物的尊重，他确实配得上一部传记电影专门来讲述。,0
HiramB,40,2021-08-15,以李大钊临终回忆的形式展开叙事 一个站在光明与黑暗交锋处的革命者 还是很热血的 甚至有点话剧感 要相信 高尚的生活 常在壮烈的牺牲之中 试看将来的环球 必是赤旗的世界 李易峰倒是挺像毛泽东 韩庚脱掉帽子实在不像蒋中正啊,0
边城玫女,40,2021-10-06,秦昊（陈）摸了摸光光的额头，问张颂文（李）：有空吗？明天我们一起去爬景山！李易峰（毛）则在怒斥韩庚（蒋）：没想到啊没想到，你这浓眉大眼的家伙也叛变革命了！,0
彩戏师wala,30,2021-08-17,一路走去,0
沙漠中的常春藤,NAN,2021-07-05,赤旗插满中国大地,0
你好海贼王,30,2021-10-24,张桐的李大钊先生深入人心  很难再被超了,2
格林童话,40,2021-07-04,红旗飘飘的时候突然燃起来了,8
公道,50,2021-07-01,台词写的好。李大钊演得入木三分。总体⑹虑逦。主演有影帝水平。,98
Fairy092228,40,2021-07-03,"算是看过的最喜欢的一部主旋律，比起平铺直叙的方式，非线性叙事展开更有感怀。雪景前李大钊和教员，矿厂里的星星灯火，让这个革命故事感伤中多了丝浪漫主义。“我们有主义，但也要有枪。”“试看将来的环球，必是赤旗的天下。”守常先生，感谢您。",6
The_Mars,30,2021-08-28,其实很多片段都很有感染力的呀！可惜太多蒙太奇剪辑，导致片子叙述上有点打瞌睡……掉分。也许有个几小时的通俗版，可能是内容敏感过不了审补拍一些打瞌睡片段,0
d,50,2021-07-01,守常先生，现在如您所愿，所想！虽然您的肉体已经离开，但先生精神不死，您的精神与山河同寿，与日月同辉！,39
djfish,50,2021-06-27,"听革命先驱唱起青春之歌。守常先生值得每一个青年人敬仰。国际歌听得热血沸腾，革命的成功总伴随着流血和牺牲。七一来看看《革命者》，看看有血有肉的李大钊先生，最终会喊出“我相信”，做个有信仰的人。
北京的朋友可以去李大钊故居参观看看，先生的事迹，尤其他对青年们的付出。",1
雀斑Frec96,30,2021-08-20,吾辈有幸，感恩先烈。非线性叙事又夹杂着众多的出场人物，如果不了解这段历史（当然，这段历史必须了然于胸，zz一定要zq！我爱我的祖国），这拼接感的故事让人无法获得或是感受到那股力量。,0
一壶好酒配热粥,40,2021-09-10,电影没有去追溯一整段动荡不安的旧岁月，而是把时间压缩到李大钊先生牺牲前的38小时里，再通过闪回的方式去串联起这位革命先驱的一生，从而映射出整个时代的风云变幻。闪回叙事和交叉剪辑的手法的确会带来新鲜感，但随着剧情推进新鲜感逐步殆尽后，打乱的时间线便容易让人陷入雾里看花的疲乏之中。不同于以往主旋律电影不断涌现的革命者群像，这次目光从始至终聚焦在李大钊身上，无论是与家人的记忆，还是对底层人民的关怀，体现的是他的人格魅力，与陈独秀、毛泽东等人的革命友谊又显现他对革命的决心，再加上张学良、蒋介石等人视角，一个革命者形象便丰满立体了起来。而电影之所以让我们热泪盈眶的不是那些煽情的音乐，是那些革命者对“试看未来环球必将是赤旗世界”的笃信，是他们用血肉之躯铺垫了革命之路的舍生忘死。而历史从来就是最好的故事，,5
月亮出砹,30,2021-07-04,国际歌入心入脑，我谢谢了,1
鹇,50,2021-07-04,李大钊带领学生游行的时候，队伍被打得七零八散，躲在一旁偷包子的李大锤狠狠拍了自己一巴掌：吃包子的时候怎么能分心！,21
梁威是条狗,40,2021-08-15,革命者领袖血的回忆,0
竹傲风,50,2021-08-17,《国际歌》贯穿全片。“这是最后的斗争，团结起来到明天。英特纳雄耐尔，就一定要实现。”,1
水之涯,50,2021-07-07,懦夫畏死终须死，志士求仁几得仁。,3
DramaQueen_Do,50,2021-07-02,引用一句评论：我知道他们伟大，但没有想到他们那么伟大。这一辈的人，真的是太无私了，明明有机会可以出去，但是为了民族和人民觉醒，觉得牺牲自己是出路。忍住了几次泪点，没有哭。完全没办法想象，他们当年承受的严刑拷打和酷刑，换来了现在的美好生活。,43
里昂,40,2021-08-19,"我好久没有在电影院看到“八一电影制片厂”这行字了～
非常纯熟大制作的党建科普教育宣传电影，感觉是高中历史课本近代史知识点幻化成了声画影像和故事情节。影片质量很好，的确如管虎导演所说，李大钊活了三十八岁，却是普通人的三百八十年。采用交叉平行非纯线性叙事，字幕辅助来清晰地讲明白李大钊是谁做过什么，已经很不容易了。",2
┢落┦,30,2021-09-26,一个好人的一生。有想法，但是没能捋顺这些想法，导致拍出来的效果在好坏之间来回摇摆。但总体比之隔壁毫无亮点的全明星片有意思多了。,0
Feixiang,30,2021-08-18,技法到位，作献礼片不难看。,0
Oscar,40,2021-09-25,高尚的生活，常在壮烈的牺牲之中！,1
Klose,40,2021-07-06,"“我的生命忠于党，我的信仰光芒万丈。”
这盛世，如您所愿。",20
咸鱼撵死猫,40,2021-07-04,以小见大，编剧和剪辑很棒,0
穆豆,30,2021-08-01,各个维度上的浅，尽管在叙事结构和表现手法上努力故作深沉。,5
A-Mian,50,2021-09-20,我们要相信,0
杨三疯,30,2021-07-30,共产党人版《我想结束这一切》。李大钊是一个极其伟大、不凡长相、重要工作、家庭美满、团结奋进的人，喜欢社会活动、文学创作、政治思想，写文章创刊号、精深社会理论组建政党，帮助和唤醒的工人阶级力量，与国民党反动派斗争到底……一个深夜，受尽折磨的他独自在监狱里哼唱着国际歌，疲惫伤痛的他坐在冰冷的地板上，脑子里的一切开始混淆(经历的、虚构的、记忆的、想象的)，时间开始堆积折叠重构，他革命组党、促人奋进的共产党人的一生浮现在银幕之上，几个小时之后他被吊死在绞刑架上。,2
flyinbed,30,2021-08-08,整片风格处理偏浪漫化，形式化，并不是不可以，然以回忆闪回等组成剧情，过于零散，便显得修饰过多且无力，与影片的标题不符，其内涵和深刻性都表现不足。,0
流星主义,40,2021-07-06,整部片子想讲述的东西太多，以至于过满，我理解这样剪辑想要做到什么效果，但显然这个剪辑并没有达到理想效果。整体就是过满有点乱，属于必须聚精会神看的那类电影。但中心是好的，也能打动人，剧情没什么问题，7分吧。,24
浙一Joah,30,2021-08-27,看着片子满脑带入去中心化主义革命,0
红辣椒,50,2021-07-02,没想到国内的献礼电影也能做到兼顾艺术性了。光影，配乐，剪辑，都是奔着好电影去的。然后这个电影的选角真的很不错，就算有觉醒年代珠玉在前，张颂文的李大钊仍然形神兼备，仿佛守常先生本人。年轻演员的表现也给人惊喜，青年教员，庆子都在各自有限的戏份里给人留下了深刻的印象。电影很能给人共鸣，上一部我在电影院看哭的电影是我的姐姐，这次哭得比上次更凶。,120
Cappadocia,30,2021-07-06,他是一个共产党员，也是千千万万个共产党员！,1
张三其人,30,2021-08-29,"李易峰擦着白到发光的身子说自己是野蛮人
断断续续地演绎李大钊一生中的片段，错乱感明显，李大钊变成了一个符号（当然他也是一个符号，只不过电影里最好用现实手法把伟人还原成普通人），叙事时空蛮混乱的，配角就闪一面然后消失，丝毫不能给观众留下任何印象，",0
世o末の魔g,50,2021-07-02,喜看稻菽千重浪，遍地英雄下夕烟！,67
黑水灵坛,50,2021-10-07,中华民族的脊梁，是这些前赴后继不怕牺牲的伟人们铸造的，如今我们生活在这铮铮铁骨撑起的天地之下，当铭记历史，不忘国耻。愿以吾辈之青春，捍卫青春之国家，青春之民族，青春之未来！,0
韦恩斯坦_李,40,2021-07-30,张颂文老师演技确实很厉害，让人动容。,4
说啥呢宝贝,30,2021-07-11,设计点蛮好的，但张颂文有点假大空的意思了。,4
哈哈哈密瓜味儿,40,2021-07-06,这个电影真的很神奇…给我看睡着啦…但是醒来的时候就被打动的哭01，整个状态就是哭-迷糊睡-哭-睡-哭01张颂文演的太好了,8
海盟洋溢,30,2021-09-09,整体是合格的，满满的正能量，但是感染力明显不够，还为了明星刷脸增加了很多可有可无的小人物，可惜，,0
山,50,2021-07-04,"“守常先生，这盛世如您所愿！”
剧本结构新颖，用行刑前的数十小时来穿插整个20世纪初的革命面貌。蒋介石听戏那里看到了辛德勒名单的影子，剧本、视听、剪辑处处匹配。配乐略满但情绪非常到位了，几处泪目。
《革命者》可以说是某种程度上革新了主旋律电影的电影语言和剧作结构，大胆有新意，李大钊活起来了。强推，2021主旋律最佳！",8
哗啦啦,40,2021-07-02,诧异又兴奋!这根本就不是传统意义上的国产主旋律，而是一部优质平实的精彩纷呈的传记史诗。剧本的时间结构真是天才，让革命先驱的牺牲与其壮怀生平亦步亦趋，节奏上佳又逐级升华，不泪目是真不行。演技更不用说，张颂文的分寸感及内心戏让李大钊先生伟岸又朴实，实实在在的英烈。另说，片中蒋介石看戏段落的蒙太奇运用很&#34;教父&#34;，却如临其境，很合适。主旋律作品焕然一新，而且是刀刀见血，厉害了!,44
Leo,30,2021-08-26,高尚的生活，常在壮烈的牺牲中。,0
五月花号,40,2021-08-14,朱朝阳爸爸和张东升老师相约建党,0
尔东飞,40,2021-08-17,“将来的环球，必是赤旗的世界。”因为有人愿意为他人谋幸福，我们才学会付出，敢于付出，即便是生命！想起去年在南京雨花台看的关于李大钊和一群革命先烈的故事，至今依然热泪盈眶。当然，电影质量只值3星。,2
79LiNg64,NAN,2021-07-02,这是一段信仰之路。,21
deepsnow,40,2021-07-01,所谓一人倒下了，更多的人站起来了。前进的步伐不会停下。先烈为后代创造未来的心太伟大了。张颂文老师的表演优秀。,4
无忧逍遥,50,2021-07-01,几乎从头哭到尾，感谢这样一部诚意满满的作品，让我们能够重温守常先生的一生，能够感受这样伟大的精神力量和人格魅力。很喜欢电影的交叉叙事方式，也很喜欢电影的摄影和配乐。最喜欢最后守常先生跟教员的故事，让整个故事充满了希望！张颂文、李易峰、佟丽娅，还有演庆子等的演员都演得很不错。,7
弄尘先生,40,2021-07-02,  “先生，景山的雪纯净而柔韧，赤旗辉耀下的国家与民族至此皆幸福美满，安和乐利。放心，光明挺立的我们一定为您倾心守护好从反叛黑暗的劫途上所争斗来的一切。”与《末代皇帝》神形相似的非线性剪辑表达，让影片看似节散的叙述也始终粒粒分明，气韵饱满。当时间交杂生机，人物凝积深情，作品便可自然达到艺术与文本的高效融济。颂文老师的表现在本次亦是可圈可点。,7
Mia,40,2021-10-15,"“我从黑暗中反叛而来,却不属于未来的光明之地。我的脚踏在黑暗和光明的交锋处上,或许有一天黑暗会把我吞噬。可是为了人民,为了你们能走向光明,拥抱光明。我,我愿意去直面黑暗,因为我相信,终有一天阳光会普照整片中国大地,我坚信!”",2
扯淡的青春,50,2021-07-02,昨天看过了，电影从不同人物的视觉来展现李大钊，有些镜头拍的很绝，张老师演的李大钊也演的好，到后面国际歌一出，真的热血沸腾，还有新中国成立的镜头，红旗飘飘，每个人物都完成的很不错，印象最深是李庆天，蒋介石，毛主席的扮演者，值得大家去看,7
美人隔云端,50,2021-07-02,"“如果我的死，可以唤醒那些麻木的人们，那么我可以去死，我应该去死”

先生在狱中比鸟飞翔的时候真的泪奔，整部电影悲壮又浪漫，感谢那个时代所有了不起的革命者们，今日的中国，遍地都是赤旗。",4
sunking,20,2021-08-16,这种主旋律的电影一定要拍出历史的厚重感，要有煽动性，感染力，所谓的特效，鲜肉，场面（参考建国大业）都只是点缀或者烘托作用，首先导演要讲一个好故事，如果讲故事能力不行，其他的都白费。本来很好个题材，导演好像也很喜欢炫技，三分钟一个倒叙两分钟一个插叙加上无数个蒙太奇，你又不是拍悬疑片，扯这些没用的干什么？,1
翟天临,50,2021-07-03,呜呜呜守常先生，我相信,3
少翘二郎腿,50,2021-07-03,"“他们手里都有枪……我们没有……”李大钊先生说出这句话的时候是我感到最无力的时刻，是的，他们手里有枪，但是枪口不是向着敌人，反而是向着自己的爱国同胞们，是向着满腔热血的赤诚国人啊01
于是想到以后的那句“枪杆子里出政权”，教员说的太对了！守常到润之，是薪火相传生生不息啊",23
通叔,40,2021-09-21,他的后来者们，让中国好起来了,2
落小木,40,2021-07-21,破碎的叙事全靠张颂文的表演来撑...眼泪也为你流...不要说我们一无所有，我们要做天下的主人...,3
天道有常,40,2021-11-05,以人物群像来插叙  各自有各自的回忆  有张学良的 有蒋介石的 有李大钊妻子的 也有其他角色人物的 这不是按照时间线来拍摄的影片 ！各种散乱的 支离的 镜头拼凑起来了这部电影，镜头形式可以，里面内情无感，但无论如何比起1921好，革命仍在持续且应当一直要持续。,4
匣中猫,40,2021-07-01,比想象中的好，杨红雨操刀的非线性剪辑叙事，大胆且还算完备，在开头20分钟的不适应后渐入佳境。学生、爱人、对手、同志……多重视角，几大事件，像是李大钊人生的切片，解构这个人物多面性的同时，也用群像线索组成了那个充满着血泪的“至暗时刻”。比起“李大钊传”，更像是“他人眼中的理想主义者”，故事到达结尾，英雄牺牲，理想星芒却未因此陡然消散，而散布到许多的“布尔什维克”的心中，那些像火种一般熊熊燃烧的理想，仍是这时代需要的赤诚。3.5归4。,0
水青蛙,50,2021-07-03,"   我是前天晚上抽时间去的，看完真的觉得电影比预期的好看，一开始就把整个节奏拉入了低沉，那时候的中国老百姓真是命如草芥啊，人命就像蚂蚁一样能随意被人践踏啊～
   印象比较深的就是蒋介石的戏份出来那个眼神是真的冷到我了，那个眼神阴冷得不寒而栗，演员演技真的挺好，挺惊喜的。后面登景山那里一缕阳光出来，整个影片色调有彩色了，明亮了，让人看到了革命者的希望，最后李大钊先生一步一步走向断头台的时候哭了～张颂文老师演得真的好好，全员演技都在线，感谢生在盛世！
",82
萌新小蜜糖,50,2021-07-04,"张颂文老师太优秀了 939993999399所有角色都很棒 看的时候才意外发现还有宋茜 
李庆天 和报童 张学良都让人印象深刻

李易峰诠释的也很好 毛主席出现的时候 就好像真的看到了希望和光 台词坚定有力 意气风发 民族的希望哇 
 虽然短短10分钟不到 可是却让人印象深刻 
真的很优秀 一点不会跳戏 939993999399
【台词燃爆了】 感受下
“这里的每一寸土地都是中国的！”
“我可以去死 我应该去死”
“为天下人谋幸福 才是真正的大事”
“我有一个愿望 当我再回到这里 整个北京城已经插满了红旗”
“试看将来的环球 必是赤旗的天下！”
…… 
电影结束后看完就想鼓掌 听到歌就想跟着唱9899 
一切如您所愿9899 9899 9899 
我们替您看见了 7815 守常先生",27
长河吟Ev_,40,2021-09-25,像一部加长版mv，但这还重要吗？我们胜利了，国家也富强了，您如果想看这个新中国，我们都是您的眼睛。,0
竹海苡,50,2021-07-04,给五星的原因，因为他们是革命者，他们是先驱，是他们探索出救中国的道路，也是他们用自己所学，用信仰，用生命带给了这个国家希望，带给了人民希望。这盛世如他们所愿，可是他们看不到了,32
影子不用手,40,2021-08-23,这样的革命历史题材，无论从哪个角度，无论用哪种手法，很难不让人动情。,1
电影上言君,50,2021-08-13,李大钊先生您胜了，这盛世如您所愿。伟大的中国9899，我骄傲，电影感动到哭，革命不易，年轻人要珍惜幸福生活。,2
轻风羽,40,2021-08-26,本片被诟病的叙事方式，我的观感却是极好的，刑房中的折磨与回忆中的经历交错叙事，像是黑暗与光明的交织，这能让人联想到革命先烈们是如何挺过黑暗的，因为他们经历过希望的实现、有过可信任的的同路人、撒下过有生命力的火种，所以他们相信光明一定会到来。本片是近年来同类题材中台词最好的一部了，这是优点也是缺点，对于本来就被感召的我来说，这些台词让人热泪盈眶，但对于还在懵懂的青年来说，本片的情节与情感渲染不足以支撑台词，这也是我们在宣传方面一直力有不逮的地方。,1
四月物语,30,2021-08-13,李大钊牺牲时才38岁……,0
于成,30,2021-08-19,结构不错，几处细节挺有意思。字幕堆积的历史背景、语焉不详的人物关系、眼花缭乱的明星客串、结尾穿插的旗帜影像，也注定了它的超文本性。,0
皮皮电影,40,2021-07-02,特意去网上考证了“挖墓碑”这件事，确实真实存在，沉埋地下50年的墓碑，力量感很足。,2
明月 花枝 你,50,2021-07-03,开头就泪目。在我上一次看《十六年前的回忆》时，尚没有这么深的感触。现在却感觉，那个流血流泪的人就在我眼前。充满力量，坚守初心，至少我该做好我能做的。,4
用户名,评分,发表时间,短评正文,赞同数量
阿牛,40,2021-06-27,跟另外一部相比，以点带面用李大钊带出时代群像，更清晰与具感染力。张颂文演得好，踏实又深情。@环球港,2227
啊吧瓦轰！,30,2021-06-27, 整部片子都太满了，情绪太外露，台词太直白生硬，配乐太多太煽情。开头的破碎更是致命的。结构上的新尝试挺有意思，让人耳目一新，但拼盘式的故事碎片最终也没能拼合出一条完整、丰满、流畅、连贯的主线，每个故事碎片都像是春晚里面经常插播的那种小短片，画面和台词都像。剪辑上玩了一些新花样，但是未免太多也太滥，反而影响观众对影片的整体把握，这种花样应该出现在B站影视区，不该出现在正片里。,1939
长得丑想得美,30,2021-07-03,实话实说，有点失望。很多“劳动者”的脸上看不到岁月苦难的皴搜的痕迹，太过整洁光鲜。有很多镜头的仪式感很重，但真实感就降低了。整部剧的运镜过于工整，贡献了很多结构唯美的分镜，但时代山河破碎的悲壮感也丧失了。不停的倒叙插叙我不太适应，整体氛围的渲染和感染力都不太够。革命有血有肉，这部电影有些浮于表面了。,1111
晚安,40,2021-07-01,"我好久没有在电影院看到“八一电影制片厂”这行字了～
非常纯熟大制作的党建科普教育宣传电影，感觉是高中历史课本近代史知识点幻化成了声画影像和故事情节。影片质量很好，的确如管虎导演所说，李大钊活了三十八岁，却是普通人的三百八十年。采用交叉平行非纯线性叙事，字幕辅助来清晰地讲明白李大钊是谁做过什么，已经很不容易了。",1221
韩先生的电影,30,2021-07-03,把李大钊刻画的非常不立体，过于脱离生活。张颂文的表演并不出彩，把三十岁左右的守常先生塑造的老气横秋……白客、李九霄等这些角色，用的好就是点缀，用不好就是累赘……李易峰的微表情太差。,532
牛仔马洛,30,2021-07-01,虽然对李大钊了解不多，但在银幕前真坐不住，很想赶快回家自学历史，甚至忍不住当场（偷偷）查起资料,351
大海里的针,50,2021-06-27,差点看哭了，整体基调比较悲壮，除了教员登场的时候是暖色调，其他时候都是压抑的冷色调为主。那段历史是大革命失败后的至暗时刻，越是这种时刻越考验革命者的意志和灵魂。主演张颂文说自己在绞刑那场戏时看着绳子明显感到恐惧，但历史上李大钊吊了三次才断气。这是中国革命的悲情英雄，而悲情英雄往往更能打动人心。,1858
华盛顿樱桃树,30,2021-06-28,加入了艺术追求的类型片着实新鲜。导演对比前作我觉得有进步，故事节奏和剪辑点的创新其实更具代入感了，还挺聪明的。就是煽情部分此起彼伏密度大了点。,135
雪糕星熊,30,2021-06-27,碎 我期待的激情澎湃并没有澎湃起来 有点可惜,110
VictorCai,40,2021-07-02,"问：什么是电影语言？
答：来看看《革命者》的叙事、画面和声音。",466
EuJ,30,2021-07-03,导演功力不够，各种转场太过于依赖动画。部分片段插入意义不明，对情节推动毫无作用。三星全给守常先生。,112
一揪棉花糖,30,2021-07-04,太碎了，刚进入一个情景马上就被拉入下一个情景了，有的台词也没感觉激动人心，反而有些尴尬,65
袜子大王,40,2021-07-03,热血，但太碎片,142
走钢索的墨西,30,2021-06-27,电影幸亏有了管虎的监制，否则徐展雄的这部电影会步《荞麦疯长》的后尘。但电影的闪回旁白太多，剪辑也不够流畅，两个小时的时长中途会让人有昏昏欲睡的感觉,51
猫与竹,50,2021-07-01,本片作为“庆祝中国共产党成立100周年”重点献礼影片。有幸在第一时间看了《革命者》影片点映。该篇首度聚焦中国共产主义运动先驱李大钊的故事，全片采用独特的叙事视角，带领我们重回那段热血、动人的历史。讲述了1912至1927年间，作为中国共产主义运动的先驱、伟大的马克思主义者、杰出的无产阶级革命家、中国共产党的主要创始人之一，李大钊的革命历程。片中李大钊先生为了中国人民觉醒为了实现共产主义不停的奔走奋斗，最后至牺牲。看完内心很激动，感恩革命先烈为我们今天美好生活的付出。该片是一部了解党史，激发人们爱国、爱民、爱党的好影片。作为百年献礼影片，强烈推荐大家观看。,1195
放电蓝眼睛,40,2021-06-27,大胆启用年轻演员 运用了倒叙和穿插的手法 韩庚饰演了一个意想不到的人物 张颂文老师一如既往地好 整容式演技 提前观影后 分享的故事也给我很大震撼，比如李大钊在北大一个月一百八十大洋左右，家里却吃不饱饭，因为他大部分都拿出来支持革命事业和救助穷困学生。张老师坦言无法达到李先生的高度，但会一直被鼓舞。,343
烈焰红唇龙,20,2021-06-26,渲染方式还是古早的主旋律如英雄儿女、上甘岭的那一套，伟光正人物配以朝霞满天和红太阳，叙事手法不断倒叙加插叙，甚至重复，导致节奏过于拖沓。张颂文和秦昊的表现没什么问题，但出现在这个有些混乱凌乱的作品中，总是显得很苍白。,1160
NL.capj,40,2021-06-27,“高尚的生活，常在壮烈的牺牲中。”法兰西共和国、苏维埃和新中国，无不有流血的英雄，李大钊是黑暗中的引路人，更是光明的见证者；意识流叙事更有人性，张颂文真正走进了角色。,308
momo,20,2021-06-26,点映场。结构简洁清晰，但剪辑很乱。节奏紧张的片段戏剧性过强，反而削弱了情感表达；节奏舒缓的部分台词又太过随意，处理的很不严肃。以及选角和原音都非常不贴脸！比如让一个广东人用原音演河北人，非常出戏91总之，精神可以领会，电影拍的不够。,180
Megan,30,2021-07-01,全员演技在线，张颂文台词太强了。明知有些场面是故意煽情，但眼泪还是流了下来。,90
孔府小鱼,30,2021-07-01,7.8，这个片子似乎在主旋律电影里找到了一种很特别表现方法，因为历史已经为人熟知，所以电影放弃了线性的叙事，反而使用倒叙和插叙，开篇是李大钊行刑前的生命倒计时，片段化地穿插表现李大钊人生不同阶段遇到的人与事，大量的蒙太奇效果，而且也用到了慢镜头的打斗冲突和常速的演讲交叉剪辑，而很多场景是十分写意的，切的一些局部构图不错，加上独白的运用，解决了纯历史片平铺直叙容易造成的疲乏感。总体上说，这部是干脆选择了浪漫主义，反而是其别致的地方所在。,3
巴伐利酒神,40,2021-07-01,仅从电影角度来看，还是超出了预期。尤其张颂文的表演，几乎以一己之力撑起了这部片，诠释了一个书本之外的李大钊形象：如果这还不是一个百分百的理想主义者，那还有谁是？双线叙事手法，一条线性的“行刑线”，一条非线性的“回忆线”，将李大钊和孙中山、毛泽东、蒋介石、陈独秀和张学良等人物通过一些琐事纠葛在一起，慢慢勾勒出从1916年――1927年的十年岁月中，他是如何从一个辞职的报社编辑转化为一个马克思主义者，并最终慷慨就义的。另外，影片有不少历史细节还原的不错，比如那台从意大利进口的绞刑架，和现今陈列在中国国家博物馆展览大厅里的原型一模一样，结尾蒸汽机车的彩蛋也非常有意思。,50
momo,40,2021-07-03,守常先生短暂而又伟大的一生！01,55
水晶,40,2021-07-01,是一部正能量的电影，很燃很热血，张颂文演的非常棒，他赋予了李大钊善良正直谦和的一面，为了救国救民，不惜牺牲自己生命。,203
Frau King,50,2021-06-27,【我们有主义，但也要有枪】-  革命者,743
seamouse,40,2021-07-08,当张颂文和李易峰爬上北京城楼时，一只蚊子飞到了大银幕投影上，久久不愿离去。它也相信。,28
山和麦,40,2021-06-30,"看了点映
张颂文老师好温柔
一开头觉得剪辑节奏有点乱
但后面习惯了觉得也还好
革命真的好艰难
要调动那么多人
总有人会流血
“如果我的死能唤醒他们
那就是有意义的”
",165
头像是凯蒂猫,30,2021-07-04,电影本身出来的效果是好的，但剪辑过于凌乱，每个故事串起来的衔接很尴尬，背景音乐不停切换也很出戏。另外，能感受到张颂文很用力的表演，确实演的不错，很多煽情片段，但声线和李大钊也是真的不太搭。不过我也想不出谁能演好李先生了。最后说一下韩庚演的真不错。,33
稀有电影,40,2021-07-02,"如果在黑暗时代里有一种声音足以振聋发聩，那我想一定是来自革命者悲鸣。
人民英雄的伟大，不仅在于他能消灭多少敌人，更在于他的行为能够让多少人觉醒。
那些用生命铸就的符号，永远会鲜活的跃动于这片大地，这片他们曾经最热爱的地方。张颂文正是将这份灵魂传递，生动演绎了这份千古绝唱，利用极具新意的叙事手法，重现了这段历史映象，让守常先生的音容再现，生动鲜明，可歌可泣。",26
КГБ,10,2021-07-01,"真实的他更传奇伟大，实在无需历史虚无化。
生:遗腹子，一岁半母亡。亡:第一个上绞架没有经验，受刑三次，四十分钟始绝。婚:十岁李与16岁赵结婚。
启蒙:早稻田大学政治科，受茅原A山影响接触主义。在日反袁反21条。国共和:加入国档，公告其苏裆园，第三国际身份。请愿，要求北洋政府承认苏，和其驻军外蒙。被捕:京jc突袭苏大使馆，在内抓捕李。以和苏俄通谋，里通外国罪名绞刑，时年37。",55
恋影,50,2021-06-27,首映观影，十分精彩和震撼的一部关于李大钊的自传电影。最突出的是张颂文老师对李大钊先生的诠释和演绎，我感觉到了他将自己的个人魅力和革命先辈的优秀精神品质融为一体，在影片中呈现出来，这是最令我感动的，因为张颂文做到了将自己当作是李大钊先生，一言一行，当演员真正融入到角色中，观众能够切身体会到这种力量的。我就被他演绎角色时的信仰、信心、革命精神的激情所鼓舞到，这便是这部电影不同于其他大多数影片的亮点，当他在影片中为百姓而呐喊、奋斗，我能够体会到这就是信仰的力量。影片前大半段都是用一种非线性的“意识流”手法来拍摄，将很多重要的事件和人物都串联起来，但是又不会觉得散和割裂，因为有一条主线还在，从李大钊的多种身份和各个纬度全方位来了解这位革命前辈，影片达到了它让观众产生同感和共情的效果，非常棒的献礼之作,1586
妖精,50,2021-07-01,就张颂文老师这种演技天花板，让我看多少遍我都愿意！《革命者》把李大钊活生生的展现在人前，他再也不是历史课本上那个伟大而光辉的先驱，而且一个有血有肉为了人民牺牲的同胞。正是这一代人的牺牲，才有了我们今天的国泰民安！,1603
lixunhuan,30,2021-08-03,让韩庚演凯绅，结尾浓烈的广告感这种槽就不多吐了，评论献礼片的艺术价值并无意义，对我来说观看的目的和看《觉醒年代》一样，都是为了补这段历史的课。这段算是《觉醒》后中国革命的至暗时刻了，遗憾的是连叙事的基本要求都没能达到，看完全片都没搞清楚守常先生被判绞刑的具体原因，还得回来百度知乎。电影里面提到张作霖，蒋介石和李大钊之间的关系和纠葛，但是就是没有结合时局具体的说清楚这里面的利害关系。另外不知道是不是为了一定要把和教员的戏份放在压轴，时间线极其的紊乱，缺乏相关历史知识的相信会看得一头雾水。,8
豆友224150320,20,2021-07-03,镜头稀碎，让人觉得很乱。有好些地方好像广告啊？太刻意了吧！,99
ynamoyer03,30,2021-08-10,首先感到张颂文的广东口音很出戏，而且他也不是特别适合这个角色。英文pioneer已经把革命意义消解或替换了。另外很不喜欢片里的照明，跟《金刚川》一样的。这电影的灯光跟《悬崖之上》很像，都不真实，很多场景不可能是灯火通明的。视觉愉悦不能以牺牲历史真实为代价，何况也不愉悦。,6
SingLesinger,50,2021-06-27,杨红雨老师的剪辑真的加了很多分。,675
和寂寞一起悬空,40,2021-08-28,"背黑暗而向光明，为世界遵文明，为人类造幸福。以青春之我，创建青春之国家，青春之民族。
                                                  ――李大钊",5
呱呱,50,2021-07-01,"诚意满满的作品讲述了李大钊同志的一生
张颂文老师yyds",565
影随茵动,40,2021-06-27,张颂文说最初接到角色的时候没法对人物有信念感，因为无法相信世上有这样的人。后来读了大量资料后无比坚信，并且充满崇敬，以能饰演这样的角色而无上荣光。张颂文是个优秀的演员，而李大钊是个伟大的人。一部主旋律的电影，最终选择了文艺片的方式，完成了一场个人传记式的礼赞，为集体记忆重新注入一些初心，有极其打动人的一面。,16
阿阿阿阿阿幽,40,2021-07-07,全片最打动我的点：“他们有枪”。演得很棒，而且终于意识到枪杆子里出政权91,46
花园小嗝嗝,50,2021-07-01,我从黑暗中反叛而来，却不属于未来的光明之地。为了让所有的后代能够面向光明、拥抱光明，我甘愿站在黑暗和光明的交接处，直面黑暗，甚至被黑暗吞噬。,236
非人类shang,40,2021-07-05,红色主旋律要是这样拍，总还有些新意可以看看的，剪辑和闪回这样串起一生中重要的节点与事件，表演也在线，整体值得支持和鼓励。,17
genial TT,40,2021-07-02,试看将来的环球，必将是赤旗的世界！,75
不良生,30,2021-08-24,张颂文老师的李大钊扮相好像阿凡提啊哈～,1
涉过愤怒的海,30,2021-08-12,事实证明，革命历史人物题材还是要先做好叙事的工夫，整恁老些摄影、剪辑的花活儿非常影响历史的厚重感和观看时的沉浸感。,1
豆豆瓣瓣,50,2021-07-01,"今天是最开心的一天。《革命者》首映的最后一天，有机会来看张颂文老师，激动000000
影片讲述了1927.4.26日，距离李大钊先生被执行绞刑还有38小时，此时，我党各方力量仍在积极组织对他的营救行动。守常先生一生的革命回忆，就此拉开序幕。
《革命者》这部影片太好看了，真的一点也不夸张，场景，台词，演员情绪，演技，一级棒。张颂文老师剧照跟守常先生还挺像98佟丽娅在里面也是非常棒的演技。小演员都很棒，泪点有点多啊。
我印象深刻的台词，是守常先生对大学生和工友们说的:“不希望看到人民流离失所，看到国土四分五裂，也不希望看到一代代的年轻人，老去了，麻木了，沉默了！”
革命先辈们为了中国，真的付出了非常多，无私奉献的精神值得我们学习。
影片非常非常棒，大家一定要去电影院看919191",494
吐个槽,50,2021-07-05,"很好看！值得推荐，打光场景堪比好莱坞大片。
剧情围绕大钊先生以八个人物为代表展开的故事，每个人物都很鲜活，赋予了人格魅力。让我印象最深的是青年教员扮演者李易峰，不仅形似，还神似。他出来仿佛就看到了新中国的希望！",29
希宇宝宝的小哨,50,2021-07-03,周末总是被占的打工人终于抽空看上电影了，真好看，全程泪目。比起群像型的爱国电影，还是这种更入心一些，希望将来能看到更多革命者的传记。张颂文老师，李易峰，韩庚，都太棒了，全员演技在线。就是秦昊的形象实在不太正派，可能我张东升看多了,151
冬青树,50,2021-07-02,"那是一个怎么样的时代呢，心怀革命理想的人们固然可以在和家人、朋友、自己的心灵的相伴中获得许多美好和温暖，却无法忘却和置身于国家的深重忧患之外，要更多地挑起肩上的重任，为着那理想而燃烧和牺牲着自己。 

人是在自己的内心的某个被触动或是刺激的那一刻成长的。 

真正地走近和了解那个时代的时候，其实是可以触摸到非常丰富的内容和历史的。

李大钊先生是高大的，也是可亲和可爱的。如果他没有牺牲在革命的路途上，该是多么好的事。",148
suojiang,50,2021-07-01,影片结构真的很好，多视角，多线性。真的是一部高质量的献礼片！让大家看到了李大钊是一个人。李大钊、毛主席等各个人物的造型很成功：既像伟人，又能让大家看出是哪个演员。,174
郝静梧,20,2021-07-04,时间线已经不能用混乱来形容了简直是破碎  导演自己理清了吗  以至于刚刚有点感触进入情景 立马又换了一段时间叙事 情感也立马跳脱出来 看得好累 这就是导演想要的吗 是不是非得拉拉片才能真正懂为什么要这么剪啊,90
晚不安,20,2021-07-02,出乎意料地，观感比《1921》要好上一点，大抵是因为人物相对聚焦，但焦点很快又在剪辑的离心运动下被不断甩远――站在人生终点回溯过往并无不妥，只是编导空有自信而无能力掌控非线性结构，对交叉剪辑和闪回叙事几乎到了滥用的程度，最终致使时间线混乱，推动情绪高潮全靠宣传片式复读“我相信”。打上柔光，排开阵列，整齐划一高喊口号，阴险狡诈的对面是满面红光。整体看来是大型幻灯片主题演讲，重新退回主旋律造神运动的老路。,22
今天吃铁板,50,2021-07-01,试看未来的环球，必将是赤旗的世界9899,174
Lily蒋,40,2021-07-04,看完后，只觉得革命者，这三个字，重如千钧。,20
王二,20,2021-07-03,"节奏特别差台词也不好国际歌不错",52
sylvia,50,2021-07-01,"人是一种很神奇的生物，处于不同时代的我们可以通过电影这个媒介进行共情，虽时代不同，但我却能深切感受到中国革命者的艰辛与磨难
《革命者》，讲述了以李大钊同志为代表的中国革命者们创建新中国的努力，影片中守常先生，对中国贫弱的局面提出了自己的想法，并动员社会各个阶层，致力于中国革命
守常先生，您曾说过：“试看将来的环球，必是赤旗的世界。”先生，我们替您看到了中国光明的未来，中国的现在，已经被光明所普照。大钊先生，您的精神与山河同寿，与日月同辉，永远被我们所铭记
您成功了，这千千万万人今天所处的世界，就是您所愿望的那个新世界。这盛世，如您所愿7815",195
偏见小姐,50,2021-07-01,这是一首属于李大钊、属于共产党人的浪漫赞歌,195
#,40,2021-07-06,李大钊值得,13
愚钝的我,50,2021-07-01,“铁肩担道义，妙手著文章。”愿如守常先生般实践其所信，励行其所知。,142
tangerine,40,2021-07-07,故事起于李大钊狱中景像，终于他在绞刑架上的受难行刑，电影截取了一段时光里的一些人，来还原他的人生轨迹。他不是天生的英雄，只是恰巧站在思想前列的知识分子，但历史给了他过早的结局，让他在坚守的信仰中从容赴死。影片在道具、史实方面相当考究，用侧面描写展现了一段波澜壮阔的历史，实乃一曲建党伟业的前奏。希望未来能如守常先生所说，试看将来的环球，必是赤旗的世界！,5
南O^,40,2021-08-08,现实比电影艰难一万倍，片子节奏、结构很有问题,9
杨三疯,30,2021-07-30,共产党人版《我想结束这一切》。李大钊是一个极其伟大、不凡长相、重要工作、家庭美满、团结奋进的人，喜欢社会活动、文学创作、政治思想，写文章创刊号、精深社会理论组建政党，帮助和唤醒的工人阶级力量，与国民党反动派斗争到底……一个深夜，受尽折磨的他独自在监狱里哼唱着国际歌，疲惫伤痛的他坐在冰冷的地板上，脑子里的一切开始混淆(经历的、虚构的、记忆的、想象的)，时间开始堆积折叠重构，他革命组党、促人奋进的共产党人的一生浮现在银幕之上，几个小时之后他被吊死在绞刑架上。,3
传说北美狗鱼,30,2021-09-14,"太TM假了，这个李大钊左手牵着老婆，右手一只手弹出了两个声部，这个左手伴奏是第三只手弹的吗？
我国的影视创作者总是这样，只愿在自己熟悉的那一亩三分地内卷，对于稍微不熟悉的内容，不会，不学，不练。",6
ZOE1412,50,2021-06-28,李大钊是我没有了解的革命人物，以这样一个描述党的先驱者的角度来献党，是一个新颖又开拓民智的方向，看到过程中会怀疑真有这样的人啊，同时又觉得内心澎湃，改变需要这种看得远并且愿意为之付出的人,393
司母戊家的鼎,NAN,2021-07-01,《革命者》：张颂文的演技无疑是最压秤的，他将李大钊行刑前的谈笑风生和大义凛然演绎得入木三分。它的剪辑很特别，看得出是以主角身边的人为直流各自成线，同时每条直流又非线性，以多个视角塑造伟人形象。,1
momo,40,2021-07-02,很震撼，美好的生活来之不易，祝国家繁荣昌盛,78
武侠小王子,20,2021-07-05,炫技且乏味，无真情实感。,0
风中有雨做的云,50,2021-07-01,我们生在红旗下，长在春风里。人民有信仰，国家有力量，民族有希望。目光所至皆为华夏，五星闪耀皆为信仰！愿以吾辈之青春，捍卫盛世之中华！！！,138
xk,20,2021-07-25,故事讲得破碎且呆板,4
千颂伊,40,2021-07-06,“我的生命忠于党，我的信仰光芒万丈”,18
月光雪白,40,2021-07-06,看了两次，一次和朋友，一次和全班同学。永远不要忘记，我们永远不要忘记。,16
粥与文,40,2021-07-05,“如果我死了 能够唤醒那些麻木的人，能够让活着的同志们更加奋勇地前进，我可以去死”,5
jiangnian,30,2021-08-08,故弄玄虚的镜头穿插,4
小A,40,2021-06-27,电影重现了李大钊为理想奋斗终生的纯粹人格，“吾愿吾亲爱之青年，生于青春死于青春，生于少年死于少年也”，影片引用大量李大钊的文章在今天阅读仍有其意义，真诚而动人。故事对李大钊生平做了取舍，只保留李大钊生命中最关键的一些片段，回答李大钊是谁，是什么影响他的命运、让他做出选择的问题。非线性叙事让故事线在时空中前后穿插，分别解释他为什么认为布尔什维克是解救中国的良方，如何与陈独秀并肩战斗，影响毛泽东走上革命道路，又为何让张作霖和蒋介石心生芥蒂，这些都是李大钊人生的终极命题。电影在美学上有一定追求，为受害报童讨公道的场景很有仪式感，煤矿工人的头灯、张作霖用天平衡量请愿书和蒋介石手谕等场景很有电影感。,209
河狸,30,2021-08-18,虽然是主旋律献礼片，但是在剧作结构上还是挺讲究的，看出导演组用心了。,2
若ε78з水,40,2021-09-13,我们现在的幸福生活，平等民主，是先辈用鲜血换来的。革命就有流血牺牲。唯有继续把共产主义更深入。愿一切众生离苦得乐，究竟涅。,2
卡比利亚之昼,30,2021-07-03,①主旋律电影比以前越来越注重艺术表现而不是全片都在喊主题（交叉蒙太奇） ②突出的造型元素：暖黄色的圆形光束，且大部分都是逆光呈现，也代表人物的处境（审讯，矿工，张作霖）③演员年轻化、流量化：彭昱畅、李易峰等，但是主演还是老戏骨张颂文④用三个其他人物视点来完善主人公的形象和故事：张学良、李庆天、赵纫兰，类似于《公民凯恩》的叙事样式，这点创新我还蛮喜欢的，但还不够流畅和成熟 ⑤印象比较深刻的几个场景：众人抬起的赤旗，上海新世界的镜子追逐、屏幕上放着卓别林的《流浪汉》（应该是吧）然后陈独秀洒下传单的影子投影在屏幕上 ⑥纪录片镜头与故事片结合，虽然很早就有这么用了但个人挺喜欢这种时空层的并置 ⑦拜年镜头能不能删了 ⑧感觉管虎从八佰开始就是一个调性了，就像一直在用一把锉刀打不同的铁，打出来的都还差不多,26
HJH,40,2021-07-06,"首先表达一下对老一辈革命者的敬佩，为了理想和心中坚定的事儿毫不动摇，我身上是完全没有不管什么代价都要做成一件事儿的决心。
看电影的过程中，我一直困惑的是，国民党在监狱里到底要逼问李大钊什么……创立北部共产党？他们不是知道吗？还是要问什么……",8
你这样无意义哦,10,2021-08-13,李大钊自己喜欢这种到处摆pose对他进行纪念的方式吗？张颂文什么时候停止自恋,11
国王KING,40,2021-08-16,「以青春之我，创建青春之家庭，青春之国家，青春之民族，青春之人类，青春之地球，青春之宇宙，资以乐其无涯之生。」守常先生是当之无愧的革命者。另外这部电影的剪辑太过稀碎了……,0
huyouyou,40,2021-09-01,这部电影没有运用常规的顺序或倒序的模式，而是穿插跳跃，且每个跳跃的衔接点都是精心设计的，比如同一个动作（洗头往头上倒水），同一首旋律等等，是一部惊喜之作。#20210901,1
momo9,50,2021-07-01,为后人谋幸福。 我相信！ 那么得真实，那么得感人。没有他们的努力，我们哪有现在美好的生活。  现代人应该多看主旋律电影。,318
黑骨精,30,2021-08-13,挺好一题材电影，完全淹没在了口号声中，《国际歌》的滥用，摆明了就是立足于煽情和鼓动。历史上的赵纫兰和陈独秀都比李大钊年长，可这里面的造型过于失真了。最后彩蛋部分的童年李大钊情节，竟然提分不少。,2
梦想,50,2021-07-01,今天看哭了，这才应该是100周年该看的好电影，主演的演技都在线，让我印象最深的是李大钊和教员在城楼的那一段，是传承，是鼓舞太棒了,134
楚田水月,50,2021-07-03,"一听到国际歌的旋律就止不住流泪
在影院边看边哭边想，不好好学习，不珍惜现在所拥有的，怎么对得起牺牲的革命烈士",107
安若Sophia,50,2021-07-01,我好喜欢这个叙事结构啊，果然浪漫主义的表达方式都如出一辙。张颂文老师在片中贡献了极为出色的表演，希望老师越来越好！,280
Crazy Ivan,40,2021-07-01,中影百盛  怎么办？要相信！,0
hhhbaobei,20,2021-09-09,很精致的ppt电影,5
理易封,30,2021-08-16,插叙结构做的不错，严刑拷打期间对革命关键节点回顾，拍的也挺有感觉，就是喊口号让革命变得特别虚，真是《至暗时刻》类的演讲式电影,1
裁狂简,50,2021-07-02,"开篇极其有力量，堪称今年最棒的开头。
李大钊为原点的剧情漫溢开来，就是20年代的恢宏画卷。相较于群像式的多视点，这部《革》确实特别取巧，拿各色人物与守常的故事穿针引线，奉系，广东国民政府，陈独秀，髦，一层层铺垫一层层向上昂扬至开国大典的天安门。但这不正该是传记片的合理拍法吗？",93
阿朽,30,2021-08-08,观感比1921好，不是电影技巧方面，而是演员像那么回事了。但也限于视频网站上看看了，电视剧感太严重。李大钊的事迹千古不朽。,1
红鸠,20,2021-08-26,没看到演技有多好，相反整体剧情都让我感觉很尬,8
136****7640,10,2021-08-16,一分给这个题材和伟大的革命者。,15
一死,20,2021-08-09,李老扮演的毛老很有喜⌒Ч а是抱著黑板蟮意拍的影 到是PR 巧妙的I造了一N不好好看被P站的浩雀,4
cc_psycho,50,2021-07-01,627at万达点映 张颂文老师的演译真的很动人，感受到主创们用心，用精妙的剪辑将李大钊先生的的为革命无私献身的形象展现出来。是很独特的一部人物传记片。看的人深受感动。另韩庚的演技也不错让人刮目相看,132
cc,10,2021-08-23,很难理解 百年庆 就这？ 劣迹演员演教员 丝毫没有痕迹的面孔 拙劣的演技 真的很让人觉得在吃93 迅速补了我们的法兰西岁月洗眼睛,14
火锅底料ccq,50,2022-02-07,期待这部庆祝建党一百周年的电影 期待李易峰的表演 哪有什么岁月静好 只不过是在有人替我们负重前行 ,19
邓一南37,30,2021-08-26,"1讲个完整，流畅充满戏剧性，看到人物性格转变和命运变迁的故事很难吗？
剧作能力欠缺，不会线性讲故事，需要不断闪回插入补充信息。本应该唤起情感共鸣的一个伟大故事，最终却拍成了一种人在死前，灵魂走马灯式的回溯一生的感觉。

2主角被符号化，标签化，只看到向上的展示，看不到内在的动机。何以至此，这才是我想看到的。

3主旋律题材的影视剧，很容易就“假大空”：无逻辑、无真情实感，为歌颂而歌颂是为“假”；追求大场面、大思想，却无小细节做依托是为“大”；直接大谈特谈高尚的理想和主义，对思想从何而来如何演变毫无交代，是为“空”。

4感染力不够，这种片子不应该抑或让观众感受到人物的人格魅力，抑或感受到革命的热力量（或者那种坚定/坚持），可惜两者都没有，全程平平淡淡。",2
闪闪珠珠,50,2021-07-04,“我从黑暗中反叛而来，却不属于未来的光明之地。为了让所有的后代能够面向光明、拥抱光明，我甘愿站在黑暗和光明的交接处，直面黑暗，甚至被黑暗吞噬。”看完泪流满面，对这位共产党人、这个男子汉肃然起敬。 ,69
Johnny,20,2021-08-10,说教意味太强，煽情的音乐快要铺满屏幕了。打破线性叙事理应是为了片子更有意思不沉闷，结果剪的支离破碎的。张颂文在风中有朵雨做的云里演的那么好，在这部里真的有点拉。,6
黑骨精,30,2021-08-13,挺好一题材电影，完全淹没在了口号声中，《国际歌》的滥用，摆明了就是立足于煽情和鼓动。历史上的赵纫兰和陈独秀都比李大钊年长，可这里面的造型过于失真了。最后彩蛋部分的童年李大钊情节，竟然提分不少。,2
hhhbaobei,20,2021-09-09,很精致的ppt电影,5
理易封,30,2021-08-16,插叙结构做的不错，严刑拷打期间对革命关键节点回顾，拍的也挺有感觉，就是喊口号让革命变得特别虚，真是《至暗时刻》类的演讲式电影,1
阿朽,30,2021-08-08,观感比1921好，不是电影技巧方面，而是演员像那么回事了。但也限于视频网站上看看了，电视剧感太严重。李大钊的事迹千古不朽。,1
少年待龙出世,50,2021-07-01,其实有好多前辈都是无名之辈！“我相信，未来地球将是赤旗的天下。”,6
HJH,40,2021-07-06,"首先表达一下对老一辈革命者的敬佩，为了理想和心中坚定的事儿毫不动摇，我身上是完全没有不管什么代价都要做成一件事儿的决心。
看电影的过程中，我一直困惑的是，国民党在监狱里到底要逼问李大钊什么……创立北部共产党？他们不是知道吗？还是要问什么……",8
红鸠,20,2021-08-26,没看到演技有多好，相反整体剧情都让我感觉很尬,8
国王KING,40,2021-08-16,「以青春之我，创建青春之家庭，青春之国家，青春之民族，青春之人类，青春之地球，青春之宇宙，资以乐其无涯之生。」守常先生是当之无愧的革命者。另外这部电影的剪辑太过稀碎了……,0
huyouyou,40,2021-09-01,这部电影没有运用常规的顺序或倒序的模式，而是穿插跳跃，且每个跳跃的衔接点都是精心设计的，比如同一个动作（洗头往头上倒水），同一首旋律等等，是一部惊喜之作。#20210901,1
清凉,50,2021-07-02,唐山人的骄傲！李大钊,4
Jasmine_长乐,50,2021-07-04,张颂文老师饰演的这一版本的李大钊，依然是“铁肩妙手”，同时也多了作为一个人的柔情。这部片子不是一般的线性叙事，以大钊先生的生命倒计时为基础，以相关人物为线索，像一个个章节回忆他一生的不同节点。视听语言很赞，以交叉、平行蒙太奇为主，从灯光到美术，随处可见的革命浪漫主义风格。每到一个个生命牺牲的情节，我总会热泪盈眶。每一遍不同风格的《国际歌》，依然会振奋人心。,11
邓一南37,30,2021-08-26,"1讲个完整，流畅充满戏剧性，看到人物性格转变和命运变迁的故事很难吗？
剧作能力欠缺，不会线性讲故事，需要不断闪回插入补充信息。本应该唤起情感共鸣的一个伟大故事，最终却拍成了一种人在死前，灵魂走马灯式的回溯一生的感觉。

2主角被符号化，标签化，只看到向上的展示，看不到内在的动机。何以至此，这才是我想看到的。

3主旋律题材的影视剧，很容易就“假大空”：无逻辑、无真情实感，为歌颂而歌颂是为“假”；追求大场面、大思想，却无小细节做依托是为“大”；直接大谈特谈高尚的理想和主义，对思想从何而来如何演变毫无交代，是为“空”。

4感染力不够，这种片子不应该抑或让观众感受到人物的人格魅力，抑或感受到革命的热力量（或者那种坚定/坚持），可惜两者都没有，全程平平淡淡。",2
阿子儿,30,2021-07-06,希望“这是最后的斗争”。,2
Crazy Ivan,40,2021-07-01,中影百盛  怎么办？要相信！,0
一死,20,2021-08-09,李老扮演的毛老很有喜⌒Ч а是抱著黑板蟮意拍的影 到是PR 巧妙的I造了一N不好好看被P站的浩雀,4
东方时空2022,50,2021-07-01,四星好电影，为伟大的中国共产党创办者、无私奉献人民的李大钊先生加一星82革命者永生！,5
黑色大丽花,30,2021-09-17,《革命者》终于看完了。一些原创角色的加入不太必要。只有摄影比《1921》要好，有些镜头有油画质感，其他的比较一般。只有李大钊饰演者张颂文可以，因为他是有成长的。表演体系里面，一定要看这个角色有没有成长。当然这段历史我们都背得出，李大钊逐渐清醒了，知道不能依靠国民党。其他演员就比较千人一面了，都像是横店找的群众演员。尤其是一直令人诟病的选角，且不说李易峰版毛润之，再论韩庚一个舞蹈演员，演蒋中正，只有性别这一点符合角色吧？片子剪辑，剪得比较碎，倒叙、插叙，还稍微用了点“视点人物”拍摄法。也就是《金刚川》《敦刻尔克》那样的，从好几个人物视角反复演一场戏。,1
Johnny,20,2021-08-10,说教意味太强，煽情的音乐快要铺满屏幕了。打破线性叙事理应是为了片子更有意思不沉闷，结果剪的支离破碎的。张颂文在风中有朵雨做的云里演的那么好，在这部里真的有点拉。,6
cc,10,2021-08-23,很难理解 百年庆 就这？ 劣迹演员演教员 丝毫没有痕迹的面孔 拙劣的演技 真的很让人觉得在吃93 迅速补了我们的法兰西岁月洗眼睛,14
初音大西王,30,2023-01-13,6.5分，这电影视听还是不错的，就是剪辑争议很大。但是我明白，这种电影剪辑不弄得有特点一些，肯定是那会扁平化的作品。虽然我也不喜欢这剪辑，但总不能说《新世纪福音战士》的剪辑就是对的，主旋律剪地特别一点就是错的，即使是样板戏，也有尝试创新的资格。看到电影里李大钊要求市民有集会与言论自由的权利，也是让人感慨万千。,1
手拥兵70,50,2021-07-01,用倒叙的手法，巧妙地从李大钊的死这一切入点展开剧情，很少看到制作这么精良又正能量的电影！岁月能改变山河，但历史将不断证明，有一种精神永远不会失落。它将超越时空，成为人类永恒的追求。也许时间会冲淡记忆，但人们绝不会忘记，曾经有这样一位共产党员，他的信念和人格，使全国人民的心灵为之震撼。中国共产主义运动的先驱李大钊先生，他把自己的全部生命奉献给了祖国，奉献给了人民，是真正的“为人类而活”。,3
娱乐圈梗姐,40,2022-06-24,看得我无数次眼眶湿润，当年的革命先烈太不容易了。影片用插叙的手法写成，这样就解决了李大钊的主线和其他重要人物的情节线穿插的难题。另外，李易峰演的毛泽东让我很惊喜啊！,0
流逸,50,2021-06-29,提前看了，虽然是主旋律，但依然讲好了故事，剪辑也很棒，拍摄采用了很多意识流手法，精彩程度不亚于觉醒年代！尤其是张颂文老师，依然演技在线，还有很多临场发挥成为点睛之笔！强推！,64
未来可期Yau,50,2021-07-01,我要吹爆这部电影！从头哭到尾，从觉醒年代认识并了解李大钊先生，在革命者真正感受李大钊先生，爱上了这位有魅力的革命先驱。,97
BECAN__WXN,40,2021-07-06,人物传记片拍得可以，就是主线有些分散,10
魁建国78,50,2021-07-01,啊~！李先生！实不相瞒，看得我热泪盈眶！我国出现了许多坚贞不屈、对理想非常忠诚的人。他们有的甚至为了祖国的未来牺牲了自己的生命。这其中我最钦佩的就是李先生了，我觉得他这一生可谓是壮烈而轰动的。看了这部电影之后更是这样觉得，看到电影里的他在被捕后受到了折磨，但他始终严守理想与秘密，坚贞不屈。这是多么的大义凛然啊！,7
可风,30,2021-07-08,任何时代都需要这样的人士，自己成为不了，就保持基本的尊敬。20210707@北京坊博纳3号厅6排6-7,4
角落里的人,30,2021-08-16,讲的稀碎,1
私房歌,30,2021-08-23,李大钊就义。,1
猫苦艾。,40,2021-07-02,张颂文真是个好演员！可惜用电影语言讲一个话剧故事，缺少了人物“人”的一面，而是碎片的，倒叙的，插叙的，像造神一样的宣讲――尽管这个人物确有如此伟大的一面，但作为一个叙述者这样不好。不过感谢电影，被李大钊的精神和张颂文的表演打动了。（旁边小孩子说电影太跳了，看不懂,4
monica喵,50,2021-07-22,这天下必将是赤旗的天下,3
总督炒饭,50,2021-07-08,国际歌一响，我和爱人就拼命掉眼泪，带着强烈情感的五分,16
呵呵,30,2021-08-15,不像是电影的体量，倒像是一部大型宣传片。,1
JerryStone,50,2021-07-03,看到了暗夜寒冬里的微光,43
邮差总按两次铃,20,2021-08-10,比同期《1921》还说教，说出来的道理本来就没人听，何况还是在电影里，电影的表达更是表现出来的不是说出来的，说到底打着电影的幌子就是拍了个宣传片。可宣传片雄子你这也没整明白啊，按理说人家都是一层层推进观众的情感，慢慢积累起来的情绪在情节的高潮处达到高点并爆发，情绪和故事的节奏是并行也汇聚于一点的。你这来回插叙一次次地把观众积攒的情绪消解掉，西西弗斯式地就把观众带到结尾李大钊绞刑了，也就只能是“带到”而不是“代入到”了。唉非线性这手法雄子你真把握不住，全片看下来还不如《荞麦疯长》里成熟。（多面镜子致敬奥森威尔逊的《上海小姐》，在《暗花》里也见过）,4
yo,30,2021-07-06,张颂文演的挺感人。,9
不留痕迹,30,2021-08-25,很奇怪的一部电影，有很浪漫主义的东西，但为了政治宣传该翻的ppt还是要翻，最后就嫁接的特别尴尬。革命当然是浪漫的，若为自由可舍生命，世俗的人做不出来这种事情，但这群人感觉也不行，只适合演演话剧喊喊口号，到头来最难忘的只剩下秦昊的发际线,0
Harry,40,2021-07-03,虽然李大钊的大胡子扮相很喜感，但张颂文老师的表演感染力很强！太喜欢了！,15
随遇而安,40,2021-07-06,真的有血有肉,12
小妖哪里跑,50,2021-07-03,全世界无产者联合起来，将来的世界，必将是赤旗的世界。,5
瑾羲Qing,50,2021-10-09,“我坚信那一天的到来，虽然我李大钊可能看不到，因为我只不过是个中间人。我从黑暗中反叛而来，却不属于未来的光明之地，我的脚踏在黑暗和光明的交锋处上，或许有一天黑暗会把我吞噬，可是为了你们，为了你们能走向光明拥抱光明，我，我愿意去直面黑暗。”革命者，The Pioneer，先驱，拓荒者。那些在黑暗中摸索前行的人们。电影采用了大量的蒙太奇的手法，非线性叙述，效果挺好，避免了沦为流水账PPT。不刻意描绘希望，不回避黑暗，面对流血牺牲也会迷惘悲伤，这份真实感让这部电影落地生根。,1
小石匠,50,2021-07-03,其实可以叫《李大钊传》了，聚焦人物命运，故事还是流畅的。视听语言有创意，非线性剪辑很动脑子，配乐稍微满。但整体很流畅。故事线很聚焦，被俩朋友背叛，与好兄弟分离，与学生们在一起，与共同理想的人赴死。,8
Sherlawyy61030961,40,2021-07-04,倒计时的穿插叙事在守常先生的故事里有了不一样的作用：他将死去，但他也热烈的活过；他的理想，正在进行。,21
公子,30,2021-08-10,煽情太过了,1
吃个大香瓜,50,2021-07-02,经同事安利，昨天看了这部电影， 确实不错，剧本、演技、场景、摄影、剪辑各方面都很精致，能够看出导演的匠心，故事内核沉重又饱有希望，可以算上很成功的历史题材影片 有空二刷,45
七夕夜_半步,40,2021-08-15,“我相信！”颂文老师yyds,0
惘然,30,2021-06-27,"以倒叙以及闪回的方式拍了李大钊和张学良、蒋介石、毛泽东、陈独秀……以及庆子、徐三、阿晨等普通劳苦人民的故事，来展示他革命的一生，对别人的影响，也被民众所影响着，算是有想法的。尤其和蒋介石那段拍得好。
但结尾真的太拉垮了。",1
Edison Tam,40,2021-08-18,必须向守常先生、仲甫先生、润之先生等为中华崛起事业奋斗的革命先辈致敬,1
王星眸,40,2021-08-24,电影陪父母一起看的，他们的理解力和注意力都大不如从前，电影开始每个人物故事的穿插，我看起来都有些混乱，别说老年人了。但是故事整体拍得非常棒，每一场都实实在在的让我也跟着激动起来，满胸腔里的爱国热情在激荡中越来越响亮。,1
Raphael C,50,2021-10-16,张颂文老师真的太棒了，把李大钊先生演活了！,1
福尔蘑菇,40,2021-08-10,这种题材很想给满分，但整体结构还是觉得很松散所以减一99 不过即使是这样，还是希望多拍这种题材的电影，让我们以及我们的后代知道现在的中华是多么的来之不易！这种视觉上的冲击以及由视觉带来的记忆，比课本更容易理解和深入人心。。。,1
福牛家的妞,40,2021-07-02,可能骨子里天生就是叛逆，未看前，室友万般友情提醒：带好纸巾，会哭惨你！我也想着好嘞哭一哭对身体好，结果，没有哭惨，不过关键点&amp;高潮点还是掉了眼泪的。对于这种题材的影片我从来不抵触，除了剧。长在幸福时代的我们是没有亲历这段记忆的，我们的记忆只来自大众传媒，来自爷爷奶奶辈，试想未来的孩子们呢，这个时代于他们而言可能更像传说。然则，这个时代的伟大先驱们不该被遗忘，虽说每个时代都有每个时代的使命，但是历史之所以成为历史因为她的基础使命。特别喜欢这张海报上的一句Slogan〔感谢你们的相信，让今天的中国的自信〕那个年代的人生逢乱世，生于苦难中，反而有着最坚定的信仰，信仰小了说于人，大了说于国家，信的念力无坚不摧。信则可见。李大钊说他于黑暗中反叛而来，在黑暗与光明交接的刀锋处砥砺前行…〔未完不待续……〕,2
奥特曼和小怪兽,20,2021-08-30,如此真实的人物被拍成这么虚假的，悬浮在空中落不下来。导演水平也太一般了，满屏圣光，痴迷于中近景，不敢用特写和远景，这就是个网剧水准。,11
忘桥,40,2021-07-06,管虎的存在让人担心，没有想象中那么好，不过国际歌唱起的几次就足以让我泪目。共产主义万岁0299希望李大钊先生和陈独秀先生的历史地位能得到重视。,10
叩歌,40,2021-08-22,1、拍出了革命浪漫主义的情怀，难得看到一部主旋律电影中有讲究的打光、调度，镜头感、电影质感非常不错；2、能感受到主创对李大钊这个人物的尊重，他确实配得上一部传记电影专门来讲述。,0
HiramB,40,2021-08-15,以李大钊临终回忆的形式展开叙事 一个站在光明与黑暗交锋处的革命者 还是很热血的 甚至有点话剧感 要相信 高尚的生活 常在壮烈的牺牲之中 试看将来的环球 必是赤旗的世界 李易峰倒是挺像毛泽东 韩庚脱掉帽子实在不像蒋中正啊,0
边城玫女,40,2021-10-06,秦昊（陈）摸了摸光光的额头，问张颂文（李）：有空吗？明天我们一起去爬景山！李易峰（毛）则在怒斥韩庚（蒋）：没想到啊没想到，你这浓眉大眼的家伙也叛变革命了！,0
彩戏师wala,30,2021-08-17,一路走去,0
Jinsui,30,2023-03-24,审查让人物传记无处可去,0
沙漠中的常春藤,NAN,2021-07-05,赤旗插满中国大地,0
你好海贼王,30,2021-10-24,张桐的李大钊先生深入人心  很难再被超了,2
格林童话,40,2021-07-04,红旗飘飘的时候突然燃起来了,8
公道,50,2021-07-01,台词写的好。李大钊演得入木三分。总体⑹虑逦。主演有影帝水平。,99
Fairy90,40,2021-07-03,"算是看过的最喜欢的一部主旋律，比起平铺直叙的方式，非线性叙事展开更有感怀。雪景前李大钊和教员，矿厂里的星星灯火，让这个革命故事感伤中多了丝浪漫主义。“我们有主义，但也要有枪。”“试看将来的环球，必是赤旗的天下。”守常先生，感谢您。",6
The_Mars,30,2021-08-28,其实很多片段都很有感染力的呀！可惜太多蒙太奇剪辑，导致片子叙述上有点打瞌睡……掉分。也许有个几小时的通俗版，可能是内容敏感过不了审补拍一些打瞌睡片段,0
梦原望,20,2021-08-17,过于直白化的叙述以及显得较为刻意的非线性叙事在这里属实是比较多余，当然没有把片子的格调沦为简单粗暴的空喊口号倒是这一类电影的很大进步。,0
失实事实,50,2021-07-01,守常先生，现在如您所愿，所想！虽然您的肉体已经离开，但先生精神不死，您的精神与山河同寿，与日月同辉！,39
djfish,50,2021-06-27,"听革命先驱唱起青春之歌。守常先生值得每一个青年人敬仰。国际歌听得热血沸腾，革命的成功总伴随着流血和牺牲。七一来看看《革命者》，看看有血有肉的李大钊先生，最终会喊出“我相信”，做个有信仰的人。
北京的朋友可以去李大钊故居参观看看，先生的事迹，尤其他对青年们的付出。",1
雀斑Frec96,30,2021-08-20,吾辈有幸，感恩先烈。非线性叙事又夹杂着众多的出场人物，如果不了解这段历史（当然，这段历史必须了然于胸，zz一定要zq！我爱我的祖国），这拼接感的故事让人无法获得或是感受到那股力量。,0
一壶好酒配热粥,40,2021-09-10,电影没有去追溯一整段动荡不安的旧岁月，而是把时间压缩到李大钊先生牺牲前的38小时里，再通过闪回的方式去串联起这位革命先驱的一生，从而映射出整个时代的风云变幻。闪回叙事和交叉剪辑的手法的确会带来新鲜感，但随着剧情推进新鲜感逐步殆尽后，打乱的时间线便容易让人陷入雾里看花的疲乏之中。不同于以往主旋律电影不断涌现的革命者群像，这次目光从始至终聚焦在李大钊身上，无论是与家人的记忆，还是对底层人民的关怀，体现的是他的人格魅力，与陈独秀、毛泽东等人的革命友谊又显现他对革命的决心，再加上张学良、蒋介石等人视角，一个革命者形象便丰满立体了起来。而电影之所以让我们热泪盈眶的不是那些煽情的音乐，是那些革命者对“试看未来环球必将是赤旗世界”的笃信，是他们用血肉之躯铺垫了革命之路的舍生忘死。而历史从来就是最好的故事，,5
月亮出砹,30,2021-07-04,国际歌入心入脑，我谢谢了,1
鹇,50,2021-07-04,李大钊带领学生游行的时候，队伍被打得七零八散，躲在一旁偷包子的李大锤狠狠拍了自己一巴掌：吃包子的时候怎么能分心！,21
梁威是条狗,40,2021-08-15,革命者领袖血的回忆,0
竹傲风,50,2021-08-17,《国际歌》贯穿全片。“这是最后的斗争，团结起来到明天。英特纳雄耐尔，就一定要实现。”,1
水之涯,50,2021-07-07,懦夫畏死终须死，志士求仁几得仁。,3
DramaQueen_Do,50,2021-07-02,引用一句评论：我知道他们伟大，但没有想到他们那么伟大。这一辈的人，真的是太无私了，明明有机会可以出去，但是为了民族和人民觉醒，觉得牺牲自己是出路。忍住了几次泪点，没有哭。完全没办法想象，他们当年承受的严刑拷打和酷刑，换来了现在的美好生活。,43
里昂,40,2021-08-19,"我好久没有在电影院看到“八一电影制片厂”这行字了～
非常纯熟大制作的党建科普教育宣传电影，感觉是高中历史课本近代史知识点幻化成了声画影像和故事情节。影片质量很好，的确如管虎导演所说，李大钊活了三十八岁，却是普通人的三百八十年。采用交叉平行非纯线性叙事，字幕辅助来清晰地讲明白李大钊是谁做过什么，已经很不容易了。",2
┢落┦,30,2021-09-26,一个好人的一生。有想法，但是没能捋顺这些想法，导致拍出来的效果在好坏之间来回摇摆。但总体比之隔壁毫无亮点的全明星片有意思多了。,0
Feixiang,30,2021-08-18,技法到位，作献礼片不难看。,0
Oscar,40,2021-09-25,高尚的生活，常在壮烈的牺牲之中！,1
Klose,40,2021-07-06,"“我的生命忠于党，我的信仰光芒万丈。”
这盛世，如您所愿。",20
咸鱼撵死猫,40,2021-07-04,以小见大，编剧和剪辑很棒,0
穆豆,30,2021-08-01,各个维度上的浅，尽管在叙事结构和表现手法上努力故作深沉。,5
A-Mian,50,2021-09-20,我们要相信,0
LettyZ,20,2022-06-09,"看完狂飙了，张颂文老师！对不起！！！01:16:28 市民须有绝对的集会言论自由权
要拍主旋律也行，但最忌讳做作的形式感，偏偏主旋律电影里全是尴尬无比的摆拍，这么干净的场景、群演、滤镜，你和我谈什么感动？！
还有你们确定张颂文演技很好吗？",0
flyinbed,30,2021-08-08,整片风格处理偏浪漫化，形式化，并不是不可以，然以回忆闪回等组成剧情，过于零散，便显得修饰过多且无力，与影片的标题不符，其内涵和深刻性都表现不足。,0
流星主义,40,2021-07-06,整部片子想讲述的东西太多，以至于过满，我理解这样剪辑想要做到什么效果，但显然这个剪辑并没有达到理想效果。整体就是过满有点乱，属于必须聚精会神看的那类电影。但中心是好的，也能打动人，剧情没什么问题，7分吧。,24
Ted 浙一,30,2021-08-27,看着片子满脑带入去中心化主义革命,0
红辣椒,50,2021-07-02,没想到国内的献礼电影也能做到兼顾艺术性了。光影，配乐，剪辑，都是奔着好电影去的。然后这个电影的选角真的很不错，就算有觉醒年代珠玉在前，张颂文的李大钊仍然形神兼备，仿佛守常先生本人。年轻演员的表现也给人惊喜，青年教员，庆子都在各自有限的戏份里给人留下了深刻的印象。电影很能给人共鸣，上一部我在电影院看哭的电影是我的姐姐，这次哭得比上次更凶。,120
Cappadocia,30,2021-07-06,他是一个共产党员，也是千千万万个共产党员！,1
张三其人,30,2021-08-29,"李易峰擦着白到发光的身子说自己是野蛮人
断断续续地演绎李大钊一生中的片段，错乱感明显，李大钊变成了一个符号（当然他也是一个符号，只不过电影里最好用现实手法把伟人还原成普通人），叙事时空蛮混乱的，配角就闪一面然后消失，丝毫不能给观众留下任何印象，",0
世o末の魔g,50,2021-07-02,喜看稻菽千重浪，遍地英雄下夕烟！,67
韦恩斯坦_李,40,2021-07-30,张颂文老师演技确实很厉害，让人动容。,4
说啥呢宝贝,30,2021-07-11,设计点蛮好的，但张颂文有点假大空的意思了。,4
哈哈哈密瓜味儿,40,2021-07-06,这个电影真的很神奇…给我看睡着啦…但是醒来的时候就被打动的哭01，整个状态就是哭-迷糊睡-哭-睡-哭01张颂文演的太好了,8
海盟洋溢,30,2021-09-09,整体是合格的，满满的正能量，但是感染力明显不够，还为了明星刷脸增加了很多可有可无的小人物，可惜，,0
山,50,2021-07-04,"“守常先生，这盛世如您所愿！”
剧本结构新颖，用行刑前的数十小时来穿插整个20世纪初的革命面貌。蒋介石听戏那里看到了辛德勒名单的影子，剧本、视听、剪辑处处匹配。配乐略满但情绪非常到位了，几处泪目。
《革命者》可以说是某种程度上革新了主旋律电影的电影语言和剧作结构，大胆有新意，李大钊活起来了。强推，2021主旋律最佳！",8
哗啦啦,40,2021-07-02,诧异又兴奋!这根本就不是传统意义上的国产主旋律，而是一部优质平实的精彩纷呈的传记史诗。剧本的时间结构真是天才，让革命先驱的牺牲与其壮怀生平亦步亦趋，节奏上佳又逐级升华，不泪目是真不行。演技更不用说，张颂文的分寸感及内心戏让李大钊先生伟岸又朴实，实实在在的英烈。另说，片中蒋介石看戏段落的蒙太奇运用很&#34;教父&#34;，却如临其境，很合适。主旋律作品焕然一新，而且是刀刀见血，厉害了!,44
Leo98,30,2021-08-26,高尚的生活，常在壮烈的牺牲中。,0
五月花号,40,2021-08-14,朱朝阳爸爸和张东升老师相约建党,0
Dodo64,20,2023-02-19,歌颂一个革命煽动者意义何在，以流血牺牲无数人命为代价，至少在当下是万万不能的，因为老百姓都太识时务，非必要不革命，没什么比太平盛世更可贵，没有人需要为任何人牺牲，何况几十年后革命成果又退回原点。张颂文亦正亦邪剧抛脸，身高更适合演鲁迅（但求别再碰主旋律，做作得要命）低沉的懒音当大学教授是催眠的，咬树枝飞小鸟转银杏摘白玉兰小动作蛮多的无处不卖萌，单凭李大钊的性格是万万革不了命的，必须陈独秀毛泽东这类能吃辣爱吃肉的才行…难得秦昊给张颂文当配角，影片剪得稀碎，秦昊那段还挺舒服。奇怪张颂文唱国际歌一点儿不跑调…,0
杨陈,40,2021-08-17,“将来的环球，必是赤旗的世界。”因为有人愿意为他人谋幸福，我们才学会付出，敢于付出，即便是生命！想起去年在南京雨花台看的关于李大钊和一群革命先烈的故事，至今依然热泪盈眶。当然，电影质量只值3星。,2
79LiNg64,NAN,2021-07-02,这是一段信仰之路。,21
deepsnow,40,2021-07-01,所谓一人倒下了，更多的人站起来了。前进的步伐不会停下。先烈为后代创造未来的心太伟大了。张颂文老师的表演优秀。,4
无忧逍遥,50,2021-07-01,几乎从头哭到尾，感谢这样一部诚意满满的作品，让我们能够重温守常先生的一生，能够感受这样伟大的精神力量和人格魅力。很喜欢电影的交叉叙事方式，也很喜欢电影的摄影和配乐。最喜欢最后守常先生跟教员的故事，让整个故事充满了希望！张颂文、李易峰、佟丽娅，还有演庆子等的演员都演得很不错。,7
弄尘,40,2021-07-02,  “先生，景山的雪纯净而柔韧，赤旗辉耀下的国家与民族至此皆幸福美满，安和乐利。放心，光明挺立的我们一定为您倾心守护好从反叛黑暗的劫途上所争斗来的一切。”与《末代皇帝》神形相似的非线性剪辑表达，让影片看似节散的叙述也始终粒粒分明，气韵饱满。当时间交杂生机，人物凝积深情，作品便可自然达到艺术与文本的高效融济。颂文老师的表现在本次亦是可圈可点。,7
Mia,40,2021-10-15,"“我从黑暗中反叛而来,却不属于未来的光明之地。我的脚踏在黑暗和光明的交锋处上,或许有一天黑暗会把我吞噬。可是为了人民,为了你们能走向光明,拥抱光明。我,我愿意去直面黑暗,因为我相信,终有一天阳光会普照整片中国大地,我坚信!”",2
扯淡的青春,50,2021-07-02,昨天看过了，电影从不同人物的视觉来展现李大钊，有些镜头拍的很绝，张老师演的李大钊也演的好，到后面国际歌一出，真的热血沸腾，还有新中国成立的镜头，红旗飘飘，每个人物都完成的很不错，印象最深是李庆天，蒋介石，毛主席的扮演者，值得大家去看,7
美人隔云端,50,2021-07-02,"“如果我的死，可以唤醒那些麻木的人们，那么我可以去死，我应该去死”

先生在狱中比鸟飞翔的时候真的泪奔，整部电影悲壮又浪漫，感谢那个时代所有了不起的革命者们，今日的中国，遍地都是赤旗。",4
翟天临,50,2021-07-03,呜呜呜守常先生，我相信,3
sunking,20,2021-08-16,这种主旋律的电影一定要拍出历史的厚重感，要有煽动性，感染力，所谓的特效，鲜肉，场面（参考建国大业）都只是点缀或者烘托作用，首先导演要讲一个好故事，如果讲故事能力不行，其他的都白费。本来很好个题材，导演好像也很喜欢炫技，三分钟一个倒叙两分钟一个插叙加上无数个蒙太奇，你又不是拍悬疑片，扯这些没用的干什么？,1
少翘二郎腿,50,2021-07-03,"“他们手里都有枪……我们没有……”李大钊先生说出这句话的时候是我感到最无力的时刻，是的，他们手里有枪，但是枪口不是向着敌人，反而是向着自己的爱国同胞们，是向着满腔热血的赤诚国人啊01
于是想到以后的那句“枪杆子里出政权”，教员说的太对了！守常到润之，是薪火相传生生不息啊",23
通叔,40,2021-09-21,他的后来者们，让中国好起来了,2
落小木,40,2021-07-21,破碎的叙事全靠张颂文的表演来撑...眼泪也为你流...不要说我们一无所有，我们要做天下的主人...,3
天道有常,40,2021-11-05,以人物群像来插叙  各自有各自的回忆  有张学良的 有蒋介石的 有李大钊妻子的 也有其他角色人物的 这不是按照时间线来拍摄的影片 ！各种散乱的 支离的 镜头拼凑起来了这部电影，镜头形式可以，里面内情无感，但无论如何比起1921好，革命仍在持续且应当一直要持续。,4
匣中猫,40,2021-07-01,比想象中的好，杨红雨操刀的非线性剪辑叙事，大胆且还算完备，在开头20分钟的不适应后渐入佳境。学生、爱人、对手、同志……多重视角，几大事件，像是李大钊人生的切片，解构这个人物多面性的同时，也用群像线索组成了那个充满着血泪的“至暗时刻”。比起“李大钊传”，更像是“他人眼中的理想主义者”，故事到达结尾，英雄牺牲，理想星芒却未因此陡然消散，而散布到许多的“布尔什维克”的心中，那些像火种一般熊熊燃烧的理想，仍是这时代需要的赤诚。3.5归4。,0
水青蛙,50,2021-07-03,"   我是前天晚上抽时间去的，看完真的觉得电影比预期的好看，一开始就把整个节奏拉入了低沉，那时候的中国老百姓真是命如草芥啊，人命就像蚂蚁一样能随意被人践踏啊～
   印象比较深的就是蒋介石的戏份出来那个眼神是真的冷到我了，那个眼神阴冷得不寒而栗，演员演技真的挺好，挺惊喜的。后面登景山那里一缕阳光出来，整个影片色调有彩色了，明亮了，让人看到了革命者的希望，最后李大钊先生一步一步走向断头台的时候哭了～张颂文老师演得真的好好，全员演技都在线，感谢生在盛世！
",82
萌新小蜜糖,50,2021-07-04,"张颂文老师太优秀了 939993999399所有角色都很棒 看的时候才意外发现还有宋茜 
李庆天 和报童 张学良都让人印象深刻

李易峰诠释的也很好 毛主席出现的时候 就好像真的看到了希望和光 台词坚定有力 意气风发 民族的希望哇 
 虽然短短10分钟不到 可是却让人印象深刻 
真的很优秀 一点不会跳戏 939993999399
【台词燃爆了】 感受下
“这里的每一寸土地都是中国的！”
“我可以去死 我应该去死”
“为天下人谋幸福 才是真正的大事”
“我有一个愿望 当我再回到这里 整个北京城已经插满了红旗”
“试看将来的环球 必是赤旗的天下！”
…… 
电影结束后看完就想鼓掌 听到歌就想跟着唱9899 
一切如您所愿9899 9899 9899 
我们替您看见了 7815 守常先生",27
长河吟Ev_,40,2021-09-25,像一部加长版mv，但这还重要吗？我们胜利了，国家也富强了，您如果想看这个新中国，我们都是您的眼睛。,0
竹海苡,50,2021-07-04,给五星的原因，因为他们是革命者，他们是先驱，是他们探索出救中国的道路，也是他们用自己所学，用信仰，用生命带给了这个国家希望，带给了人民希望。这盛世如他们所愿，可是他们看不到了,32
